-6.784947304872217533e-01,-3.054994630536528866e-01,-5.973810610451428804e-01,1.104180469461195635e-01,1.197178531461912776e+00,-7.710421571412046093e-01,1.000820497768414086e+00,-7.816720723468876253e-01,-8.476272124968842192e-01,8.185946183432132317e-01
9.219363780076167414e-01,8.514099367626543069e-01,-1.315797408218141173e+00,-4.659509780720507699e-01,8.229885920033214175e-01,4.154184056389460811e-02,-1.073692846197464190e+00,4.583179391254417201e-01,-7.148072589914704622e-01,1.794524848392212046e+00
1.544841462418258482e+00,6.040974263555672907e-01,1.361006704769773590e+00,6.479135012338109456e-02,7.654374943750158478e-01,1.477720295302074938e+00,2.454986817943126953e-01,-2.551871715142836616e-01,-1.704621958177115815e+00,-8.313352572149398934e-02
8.234231845623113388e-01,9.456334275676296919e-01,5.043650657184097774e-01,-5.412990949622398240e-01,-1.976821568947590535e+00,-4.952150980047351214e-01,-3.043448710539514157e-01,-3.129289671900141179e-01,6.185563569779244375e-01,1.985676411014839715e+00
1.235292018410930198e-01,-2.167317891564616572e-01,-2.592218130040925272e-01,1.243847669077142032e-01,-8.282937603483989664e-01,1.201985587460550758e-01,4.508123363317997900e-01,2.096860635744881296e-01,4.575419340047812145e-01,4.337476093485352902e-01
-1.771896682246443699e+00,6.368701583954031742e-01,-6.710148456624536184e-01,-1.095839163003957895e+00,-1.104451827854996182e+00,4.335416104725293152e-01,-2.225749272248529476e-01,-1.681968783985410720e+00,4.780378151922834440e-01,-1.439608130798827323e+00
1.398213585182108698e-01,2.384989256730541407e-01,8.855770816950448987e-01,1.781684786466851467e+00,-1.364676325900541665e+00,-5.247385606304943995e-02,-2.763352950442173328e-01,4.337496859609622502e-01,2.156687709336185810e-01,-3.525462427366199414e-01
-4.409021886108555055e-01,-1.116450855184047519e+00,9.878615824065092310e-01,4.592041815995292486e-01,9.177681977951372971e-01,-3.103961364755136731e-01,-6.568354686944304355e-01,-1.078315066629227825e+00,3.589175837406595182e-01,-1.039793224528234639e+00
1.848663068966550194e+00,-1.307642581093440448e+00,2.736601192125018844e-01,1.566854707213786169e+00,5.990897592638090297e-01,1.756737124917793214e-01,-9.684836469618955945e-01,-1.381769188567703921e+00,7.700501089175858516e-01,1.506147240774946550e+00
-4.388499904781714700e-01,-1.139061507616351054e+00,-2.458169430549018486e+00,-9.807648436625376887e-01,-1.136568424990401921e-01,1.599123240836734183e+00,6.731336922329684835e-01,3.050854047067529939e-01,-4.001196613011309688e-01,-5.831657172559563396e-01
1.405647597507963642e+00,2.007385407583894832e-01,-2.102600691921022058e+00,-6.735396478972428547e-01,-8.582160317716267528e-01,-5.462640091774648710e-01,5.629106602850851848e-01,-1.074448817942494083e-01,-7.686540700366202572e-02,1.313473161325236616e+00
-6.964610897866884143e-01,1.864199525887349607e+00,-6.713075913710860876e-01,8.919819661257137600e-02,-2.812035954027669038e-01,1.234191335009610507e-01,4.445919950731289649e-01,4.338352400888765281e-01,-7.531173306205799500e-01,-1.122914677447570675e+00
2.503171790905710736e+00,-4.839843396005530929e-01,6.992124386719865692e-01,-1.607641310523196809e+00,-2.796127199046767875e-01,-1.271993839824429318e-01,4.728150699278325098e-01,-2.722454140991938942e+00,1.661406130783306401e-01,-1.149741455367892851e+00
3.243457111949238358e-01,-1.036329196838162936e+00,-8.554826959255813490e-01,-2.736276103932681614e-01,-1.052329469603195289e+00,-4.755344467353548321e-01,-1.193375768543315285e+00,-1.833170451698727499e+00,1.017957052429359521e+00,-1.296048692823928317e+00
-1.786808876079835351e-01,7.528910814937849194e-01,-6.149441025160431451e-01,-8.251658997455378897e-01,2.262380886674214830e-01,1.117933822727152027e+00,-1.169315265086468880e+00,-1.501478320174389203e-01,-1.732494594967327384e+00,-3.932010036821900201e-01
3.420468453807544440e-02,-8.546246417550656949e-01,-4.569918338252314527e-01,-1.408226768307450083e+00,7.707861138149361968e-02,1.055694248883149777e+00,-1.097143869770463631e+00,-6.226717665523828771e-01,5.025462464541817775e-01,1.212090719322736154e+00
-1.493189812208931322e+00,-1.687847374159493208e-01,2.831308223195250218e-01,-1.020563906288479705e-01,-2.476792066877087084e+00,5.010900093087718998e-01,1.519336351090644133e+00,1.166617511695034332e-01,-1.031106053294263303e+00,-5.131272463642830850e-01
1.769913067655592975e+00,9.099625408605586108e-01,6.400266183843292822e-01,3.564125835343760484e-01,-6.611371121909723758e-01,-2.005711806557685661e-01,-7.792273567851586147e-02,5.495743160644439573e-01,1.508918894266903399e+00,1.118338136793127990e+00
-1.419384355796040609e+00,2.239949689010487244e-01,7.367633451678969880e-01,6.188603301446353733e-01,-6.292337633874194314e-01,2.914109215768361683e+00,-1.277084562331118889e+00,-1.083188446666049964e+00,2.335950812615762984e-01,2.116803054963853459e+00
-8.361948507041708778e-01,-2.658283656469923040e-01,1.077293673015692788e+00,-1.786215488773349944e-02,-3.346038545302956746e-01,5.656329018867201075e-01,2.725179902295931100e-01,1.030438785636791366e+00,1.291468889065363390e+00,3.070030600053617054e-01
2.917327253783090213e-01,2.141109822861335388e-01,4.891305566492876178e-01,5.517063787146392340e-02,-6.084823222894504774e-04,1.196627120827242319e+00,1.516116180355043142e+00,-1.507552944633420822e+00,1.002115174056907206e-02,-6.886944334452347327e-01
-3.109714664860723232e-01,4.025162097353214286e-01,6.694383715424684356e-01,-1.121264436113448976e-01,-1.913340334722802849e+00,-9.650455805761796180e-01,8.964996702001659656e-01,-2.740426422034931253e+00,1.187427151681999860e+00,5.212299906445413411e-01
1.316176081530022079e+00,-1.985691868809604521e-01,-2.061405424022904942e+00,4.303626415064980004e-01,1.274653124038341190e+00,9.247218055134209802e-01,-6.626914834880354155e-01,8.676107546264670567e-02,-5.328362687799239605e-01,-8.192664641893721011e-01
9.553885711798509872e-01,-1.197532311265162130e+00,-8.938164305816126420e-01,-1.104025633472385470e+00,-1.490247523299046639e+00,1.464142918426034334e-01,1.161503048481975942e+00,-1.848767562452656443e-01,-1.505747800564166461e+00,8.399445397420275405e-01
1.685701754034971467e+00,-6.462423241465945489e-01,-4.785542667177182796e-01,5.156606300833942447e-01,1.621873747785051334e+00,-5.198341457252261266e-01,-1.332449780998204991e+00,6.314186062724064241e-01,7.990680731422993288e-01,6.131450435226852916e-03
-5.581332596574506422e-01,9.943787309920463224e-01,5.280360045479642883e-01,-7.684355169034928768e-01,4.909473130567149762e-02,-1.351707532024646552e+00,6.858904564379201263e-01,-2.622335693828559133e-01,-4.357108323847371234e-01,-3.287448515243415748e-02
4.030769933024782453e-02,8.949300615655605418e-01,5.910905313252214910e-01,-1.564092787928026973e-01,7.636681497189952150e-01,4.007372536916130601e-01,-4.265996362860370872e-01,-1.247181582364858959e-01,-1.482228888431207925e-01,5.052613431742016825e-01
-3.670226147216417711e-01,-3.904091864216333030e-01,1.968757309433958769e+00,9.397354817471041954e-01,-7.606006644251390725e-01,5.709409939421983271e-01,1.183500656551772362e-01,3.915511752600938089e-01,1.373413245651045611e-01,1.189642645485235795e+00
3.456203446514458655e-01,-6.208869821428740499e-02,1.042190576983017314e+00,2.332850410878720138e-01,1.214785793290578259e-01,3.140226024861145215e-01,-9.360902336636650611e-02,9.226992995468901587e-03,-5.866945887618727484e-01,-7.511672196238787791e-01
-9.985703864824395648e-01,-1.391983286797076058e+00,-8.797173613845564732e-01,-1.742670344669256244e-01,1.031175824456370127e-01,-2.712965631476405015e-01,-2.355703490127357913e+00,1.574586357762342237e+00,1.086480122890381761e+00,4.457598512171286886e-01
1.907490672553268096e+00,-9.773641174837106593e-01,1.887625120626004627e+00,-9.652140767505479335e-01,2.387379252913565675e-01,-1.273837325134204335e+00,1.469409554436679199e-02,3.861664979983887025e-01,-1.546903311345546872e-01,7.138774440901375362e-01
9.901444948725730832e-02,-5.224147283775092410e-01,-5.668133178023392338e-01,8.109137726156964154e-01,-6.537420298069674951e-01,9.154029704849369065e-01,1.222711792831930877e+00,-1.668713862346129950e+00,1.132926387301034676e+00,2.060422698444698941e+00
2.520037612019284667e-01,5.990841852948223245e-01,1.037005324369158599e+00,-2.754823151790222746e-01,1.822802235378697122e-01,-1.314199529623109264e+00,1.386350285304509822e-01,4.981119956445415053e-01,5.161630229264693170e-01,1.065424723597580448e+00
-7.748021781355290960e-01,-5.326067566734964398e-01,1.895507345991355175e+00,-1.503283737637099160e-01,2.000337873123279875e-01,-6.701004172522105617e-02,-8.216808263050223715e-01,1.623529210891806240e+00,-5.277014119206057119e-01,-1.127285523706929915e+00
-4.507402773027516241e-01,-2.001706001725533479e+00,-6.512874649831817964e-01,-9.681285978523266333e-01,6.174286309273243623e-01,-6.734142395598724518e-01,8.878039355788485132e-01,1.398483993069321363e+00,7.811753362875991646e-01,-2.153882888600766043e-01
1.411144967055929511e-01,-1.524984940144059609e+00,-1.337793725212396700e-01,-8.604384680668331065e-01,6.943263811492988991e-01,2.572752389244473914e+00,4.998216359738093528e-01,-1.991140148954666511e+00,-3.612301929143729717e-01,1.224909253744546622e-01
8.735742526026370192e-02,-7.308131256087531114e-01,2.452917426369352893e-01,-1.242500836919387286e+00,-9.449087226850669818e-01,6.457976416037114475e-01,-1.015663230879825907e+00,5.382116054922572168e-01,-1.369463774656058064e+00,1.764825883791736105e+00
-7.742699224040546779e-01,-2.236665718034441253e-01,3.306132610904058966e-01,-5.653499525010943216e-01,1.434059610713044330e-01,5.753567245201256508e-01,9.606132325034852926e-01,7.914974359729571862e-01,-1.718104638026740072e-01,-1.466317740436022810e-01
2.349108558025032600e+00,9.498890682492920901e-01,-9.218236563202136802e-01,9.998816376555179353e-02,-3.351431387781925175e-01,-1.353342339231096980e-01,-1.229495157708087927e+00,-4.119232343859531298e-01,1.811555773193913144e+00,5.790763008755029917e-01
-2.491161408151460144e+00,1.216723492497946868e+00,1.089629522909161263e+00,-3.592853043064165308e-01,7.172635437832151073e-01,-8.593992108172007205e-01,-4.702557162663573709e-01,1.498546360669853694e+00,-2.717300398697083952e-01,-1.869731661954991075e+00
-6.330322278133675151e-02,-7.858839291435680552e-02,1.198368569373459591e+00,1.433642217576002256e-02,-4.215823114402927341e-01,1.045056145231205935e+00,1.207902325011102757e-01,-7.500226815657170532e-01,1.154997560541617618e+00,1.936617645167992285e-01
2.925966679437699142e-03,1.779083914116544041e-01,-1.070668371416596987e+00,-5.276537761783373082e-01,3.582601832783282800e-03,-1.946636950246799502e-01,1.272428382816595427e+00,2.174058527270034402e-01,8.549039226364024691e-01,9.395354575849456519e-03
1.056288483746123052e+00,3.975277565731539231e-01,1.342048538846011066e-02,-1.328308895901952370e-02,-9.544386262909633212e-01,5.069157201363106990e-01,-4.020473453637896100e-02,-5.019919601812046217e-01,1.106461770812071643e+00,-1.250216025894801186e+00
-4.224958954324339877e-01,1.027718748779533398e+00,3.155229409202532365e-01,-4.785892765275730903e-02,2.510035431501465575e-01,1.794141710488413033e-01,-1.516662546285921342e+00,-3.492618853479614871e-01,1.616521654513748851e+00,-6.593241347771675587e-01
-3.183010141043340346e-01,-5.416207633091875140e-01,-8.701522331813740796e-02,-5.831228313242980965e-01,4.867415021580600021e-01,1.973134122902665544e-01,7.735476151070180828e-01,-1.050941166188960496e+00,-3.403404828829032502e-01,-2.257226316121350163e-01
4.556469100885947587e-01,-7.932211972070344341e-01,9.156538042583440840e-01,1.186415590517608809e+00,-9.888723476355838482e-01,-4.908728948935657255e-01,-5.319315082920923476e-01,2.632386204677498398e+00,-4.299001052078866847e-01,1.677625442156134516e+00
-1.266631995106609621e+00,-9.896509661643634326e-01,-6.866045318482008053e-01,-8.456893114465223737e-01,-2.678987341584987414e-01,-7.087782027214981628e-01,-8.193415927345735206e-01,1.158471996473327659e+00,1.223793622513165147e+00,9.492964983753157115e-01
5.239989555843280744e-01,9.274306577955228337e-02,-4.970306906659087143e-01,-9.531575047550919777e-01,3.629957034326873888e-01,-1.173630392546797907e+00,-9.939209291753933195e-01,1.152913256204809667e+00,1.900649041722086929e+00,3.932951381664807622e-01
1.106457152294644253e+00,-2.458483174439833607e-01,-1.337674186087684181e+00,6.121716186185840458e-01,5.692893232700638739e-01,7.166855388024412354e-02,-2.423754581051113521e-01,9.622105785810979306e-01,-9.857330334274744255e-01,-7.737805788906577664e-01
-1.008106506760428012e+00,8.497296263582720943e-02,-1.087893012109258262e+00,-6.842421805152435477e-01,-7.057555622271979301e-01,-2.606083323339581925e-01,-1.487374446403976869e+00,8.720499203726700399e-02,1.247303650664677743e+00,1.354913723167619211e-01
1.541321144801320653e+00,1.333998185876925202e+00,7.777350472478545829e-01,7.468584263688564373e-02,2.250038824543957108e-02,7.637997723632599101e-01,-3.916706095040324298e-01,-1.882520751467463782e+00,4.920040541029598313e-01,-1.131068629934971259e+00
-9.621412281903847230e-01,2.239479957880466680e-04,-9.512487755346980822e-02,-1.412075606315630338e+00,1.654915641331403120e-01,9.661396608610485215e-01,-1.128341570265782856e+00,1.272483330848759309e+00,-1.560170825129943983e+00,2.117324144370953398e+00
-4.112604304834833191e-01,1.456169968268912485e-01,-1.892033572485670057e+00,-6.213606646930851934e-02,2.284821777181917368e-01,-8.616210409949455473e-02,-5.630810770523736464e-01,-9.465645185278148688e-01,1.130526619537310928e+00,3.080713499795013910e-02
1.540752376516772326e+00,-5.264823547949230020e-01,-4.347946933722169338e-01,8.155942445961629206e-01,-1.622974962003564059e+00,-1.213463360152922998e+00,1.097484971353163585e+00,-1.171933929223194726e+00,-1.819051015302547647e+00,1.868527188073090928e+00
-1.393817647874205479e+00,1.841193983281696200e-01,6.908519272427114666e-02,-2.810628316618083655e+00,-2.673170231678089204e-01,4.484132494791095436e-01,3.543093815188605999e-01,9.035206838035015897e-01,-3.874913149054340367e-01,7.125044420921606836e-01
-6.893290680800718828e-01,-1.410467416412775066e+00,-1.297728375681232560e+00,-1.462110455195414715e+00,1.009585967891193814e+00,-1.514573509058556589e+00,2.740388406493032281e-01,-2.659241940724330067e-01,-1.026485734506315944e-01,1.363607295199699809e+00
-4.384273672152734225e-01,6.116015615496832591e-01,3.756335138111170646e-02,-1.520189056326978760e-01,2.299969124386473496e+00,-1.441341745715369660e+00,1.289131835437444806e+00,6.564065654899721158e-01,-4.795249946317840517e-01,1.629318517441612046e+00
-1.848110112388536619e+00,-5.217666572990716789e-01,-1.208482204269076155e+00,4.120834648714601367e-01,-1.113064101187177579e+00,4.330639467413190946e-01,-1.864364158215540412e-01,-4.793539426560843308e-01,3.886472460333105228e-01,-2.686216239380641024e-01
-1.088634843059038682e+00,2.801372989634978605e+00,-4.871671830291445793e-01,-2.217609080152014744e+00,-8.420986897213885713e-01,-1.267276688372730220e+00,8.261456160405156179e-01,3.216526595915860098e-01,3.987128017903441846e-01,-3.700224658372442965e-01
-2.793502470569215190e-01,-3.709311036076682333e-01,-8.119318413546972035e-02,8.353334353648352861e-01,3.360754125053464492e-01,5.001128296208666724e-01,4.995589082492027377e-01,8.844424373817378893e-01,2.881500415402546422e-01,3.588480726789187725e-01
1.188806241193156588e+00,-6.650459180031120798e-01,-8.557425799515071541e-01,-1.185921599186855913e+00,1.829145636202559322e-01,-1.853732241219123278e+00,4.621540960596773329e-01,-1.091930945005526732e-01,1.134639699821056835e+00,-6.719173104649905914e-01
-2.033182854175067666e-01,1.122203333293368743e+00,1.383135646778152372e+00,-6.801523657518200316e-01,1.817812325871601131e-01,2.944189776840481221e-01,3.736534056211482935e-01,-2.625756593156221563e-01,1.281383398123634887e+00,-1.889703483621545388e+00
-4.211302348010840246e-01,4.479307327729469268e-01,4.572248119493435570e-01,1.352759030614762992e+00,1.198225393201286959e+00,-2.855416253072237676e-01,1.299871243530604570e+00,-7.140417437774548848e-01,9.308873827918374699e-01,1.810522478420993231e+00
1.214944106854969119e+00,1.057703835241232265e-01,-3.317787717721222274e-01,-1.528591296259286247e+00,3.105396379142040253e-01,-1.115217227970919156e+00,-7.931346636139368078e-01,-1.190745800736671578e+00,-4.603923326566551344e-01,-2.796941448698229277e-02
2.736145811657051397e-01,-6.005066354139633189e-01,1.069283706395183220e+00,-2.082052579899659472e-01,-7.877224332655191619e-01,2.262922672434363736e-01,1.963552833543815934e+00,3.351605665351178320e-01,-3.628556273736071036e-01,-1.527461356118704039e+00
-2.194123209720703627e-01,2.349281250881155858e-01,-3.875808912555700481e-01,-1.665384638240999582e+00,-8.505653895034338552e-01,1.454538460887757623e+00,1.434001003730460910e+00,-8.866391692045980655e-01,6.727567871994218907e-01,-1.178572784770173687e+00
1.404316281994952398e+00,2.452358478942363584e-01,9.496414986165337968e-01,-1.715093347182538919e+00,6.776371019248881300e-01,-7.674063684503472198e-03,8.519290707908425686e-01,9.148677980978496826e-01,6.578468947474944151e-02,-6.008296390959146915e-01
7.796961821794943237e-01,-6.015449940512768157e-02,-8.727849535276425152e-01,-9.201522314576857653e-01,-1.477164416312381601e+00,-5.102911595630632569e-01,1.102692046074378318e+00,1.778297997054342494e-01,-5.297677059230406771e-01,8.048559381800797219e-01
-8.324766217233887655e-01,9.535027433277855347e-02,-1.796303727255153249e-01,7.791306255883522214e-01,-1.577228370919500744e+00,-8.501977458146557920e-01,-1.638245659094533568e+00,-2.595967218092700146e-01,1.211427503632430458e+00,-5.054472096535271852e-01
-5.106839381956507218e-01,8.717244241841364261e-01,1.068549558455299753e+00,-8.857106726878992420e-02,6.847148540498921854e-01,-1.076954540877946398e+00,1.377974333925413797e+00,2.148706293937051370e+00,5.212157911887248529e-01,-2.084331621342800478e+00
-5.582302623977842826e-01,6.128253216693213545e-01,-4.214829971663627828e-01,1.272198554250097535e+00,5.881572644358652457e-01,-7.064755007657965713e-01,3.226481077125279567e-02,-8.938332206390900980e-01,-1.825848784124418089e-01,-5.545932404325517595e-01
1.174761800233038223e+00,2.116012056830995025e+00,-1.431188333235752008e+00,-1.923216286209752157e+00,-2.451724218513857134e-01,-1.518415698828682547e+00,4.621160367091715210e-02,7.489361138059267287e-01,1.494141897266825003e+00,2.013945587152810857e-01
-1.931552248495790047e-01,-1.978384916573084240e+00,2.618514918579843698e-02,7.128726054946168955e-02,6.389568142127453054e-01,-7.084881015290911410e-01,-4.350526002358596767e-01,-1.478002255304184276e+00,-2.291292806884065225e+00,-1.108497090796783269e+00
-1.570325814253016539e+00,3.367122954206112073e-01,-5.181340566668573011e-01,-5.382371300747891274e-01,-9.844130461752120809e-01,-3.232565432512433556e+00,1.508310748747550445e+00,-1.000270522776788296e+00,-4.124200698499069784e-01,-1.454892165289310535e+00
9.719303434406338926e-01,1.434289370373244277e-01,-8.263652852658686099e-01,-3.922296113440238430e-01,1.678179922124870105e+00,-7.296943188127828772e-02,-1.817335376159058546e-01,-9.413814861392652000e-01,-1.894581150472302911e+00,-1.600386735793444259e-01
3.254851123246176314e-01,1.099584464327669542e+00,-2.248496534499655475e+00,-1.125096327023028975e+00,-5.807410905564502901e-01,-3.480848573201828378e-03,-1.450336915284224371e-01,-1.216886856872695516e-01,4.080960585699445198e-01,-9.032931107791092318e-01
9.341414422336945522e-01,4.334524416994807172e-01,-3.198322641280793577e-01,1.600907991888915305e+00,1.556416035571766887e+00,9.328953551938086175e-01,-3.018556770567792480e+00,1.578945092717975340e+00,7.947585224719341257e-01,2.006408637712936649e+00
1.237464591733538510e+00,1.578342677497285518e+00,8.786548501803790323e-01,1.348693198645512181e+00,1.994123740734439876e+00,2.165547383782058244e-01,-1.572230544078129677e+00,-3.074609000151421467e-01,3.899455993834367029e-01,7.488758437155774994e-02
-1.246561966159426493e+00,-1.631067625194978943e+00,-7.411626686348292692e-01,8.077395559841510364e-01,1.580339770822969392e+00,9.165676137777012400e-01,1.057427287114136139e+00,-8.081557316355766907e-02,-1.742082457705963927e+00,-4.552205808827053946e-01
-2.587644118723787523e-01,-4.970524868356822612e-01,5.469486537462615872e-02,4.414197598929505140e-01,8.530151882434975352e-01,-2.781198643663340686e-01,-1.903759405644593450e+00,-4.828777192911348770e-01,4.371039699198384781e-02,1.222807922133408276e+00
-5.678078421841054046e-01,5.125436283994018183e-01,2.900878996354323558e-01,4.390053312338844382e-02,9.305333193245914902e-01,-6.608411967525807951e-01,-5.751864496435163954e-01,-1.190082309422809716e-02,-6.401465050936997470e-01,5.080122910545996628e-01
-7.131923043661327899e-01,2.263042077451344058e-01,-1.001727687867565858e-01,2.149259647767056969e-01,-4.597413950630391821e-01,-3.390882945268270388e-01,9.600926799704996573e-02,2.020745061613126725e-01,-4.201915391156093270e-03,1.705362356513083988e+00
-9.907369187412842226e-01,-6.420379495271358317e-02,-1.573629022116984633e+00,3.720814786673862784e-01,-1.115246536376814035e+00,-2.783102558765762624e-01,-3.720643253313258847e-01,2.808911266011714924e-01,-5.527909175451800605e-01,-5.953056976939823386e-01
1.435856464085897954e+00,2.845667904745262655e-01,-5.610508520222680096e-01,-2.508336718112308406e-01,1.645354952270744908e+00,-2.351648782510969982e-01,-6.892766231523876908e-01,-6.849961501263927000e-01,-5.491264809895773924e-01,-5.944977224267223859e-01
-1.279647848349243056e+00,-1.124200096946978089e+00,-8.293203743613699608e-01,5.915710184530976745e-01,-3.812372872728734818e-01,-2.071616890940402300e-01,1.270088025254896946e+00,1.295007149938418145e+00,-2.821249431377349515e-01,-6.308635106834089568e-01
-8.644303136735378423e-01,6.927757697082377319e-01,-2.047072335222877293e-01,-3.864948903227902188e-01,-8.136645751375527480e-01,-7.696664090113884971e-01,3.200581914932445482e-01,-1.315438265887262093e+00,9.948686937879384073e-01,-5.338446438149184736e-01
-1.496359442517925242e-01,-1.336977958140554312e+00,-1.236593824236453636e-02,-3.283209426905598360e-01,-5.008059885646663767e-02,1.471708898361890450e+00,1.776980457902398169e-01,-7.946591841458039429e-01,-7.113199105465681793e-01,5.951311859137685678e-01
1.298693290993423899e+00,2.819180207510500469e-01,6.887127445547694959e-01,6.097377233367050620e-01,1.419064413357520982e+00,-1.949590172726032744e+00,6.672189393045282468e-01,9.837360439035638393e-01,-1.338723706135573455e+00,-8.856681840064160038e-01
-8.507827486281533957e-01,-7.287901963773834035e-01,-4.817170509355259700e-01,2.426028130549414685e-01,8.656746511673697464e-01,1.081316957768536424e+00,-8.378230611677818240e-01,-8.447029987029827103e-01,1.315821840016222932e+00,6.467439354186445000e-01
8.286484186899613358e-02,4.733366755549671123e-01,-2.980378185144063469e-02,5.245846830476146305e-01,-3.360666965057405031e-01,2.688049344392308138e-01,-1.510546050369496296e+00,-6.877842948254310196e-01,-6.770111767903435052e-01,-3.743900332069141079e-01
-9.265132547797481077e-01,-5.335436258230817907e-01,-1.514414062398120597e+00,5.487004763949002717e-01,-8.251351891139448169e-02,-1.705207607776016765e+00,-8.348299105466731040e-01,3.366014275621668772e-01,-5.430219463857897111e-01,-6.969414601380966579e-01
-7.459267700807634127e-02,3.435975351782161735e-01,-1.436352457039160591e+00,5.501284812178793837e-01,-8.002932816073766720e-01,-1.792796824979872930e-02,-3.542014069150952599e-02,-5.270661182397741173e-01,-1.023659746130714421e+00,-2.856865480922635703e-01
1.625330309075194934e+00,-1.361675030463630920e+00,1.692313019104875638e+00,-2.597211710765324200e-01,3.537141708863911910e-02,-1.086710811384727249e+00,-7.712694166774808346e-01,-5.029096500380191292e-01,-1.045694970877912189e+00,-2.089179573708717375e-01
-4.070158918067711129e-01,1.850781142435733440e+00,-1.165974185680461073e+00,1.026905167485872572e-01,2.478462819018247554e-01,-1.070320548651837456e+00,6.868274954528384990e-01,-3.983270128816280842e-01,-2.492389651583067245e+00,6.598496121045650531e-01
-1.116940884102363807e+00,-1.047774946139099050e+00,6.879020828923981812e-01,-3.471614824184497961e-01,9.177721505515002987e-01,1.210166095365318828e+00,-6.449284603222978918e-01,7.932624959550306221e-01,-7.554608013928818533e-01,2.233115917132176609e+00
-6.929570045312151150e-01,1.026087440960004038e+00,8.437900258815755894e-01,3.160878221089338247e-01,-6.705431614166831311e-01,-1.513974919414091957e-01,-2.153588112944551991e+00,2.244200383822503309e-01,3.496153310283852678e-01,1.334994190613714715e-01
-2.973306171292557476e+00,-1.265636445089810991e+00,-7.480909828486626001e-01,2.916589331890461212e-01,2.893389056429844786e-01,-1.702237919711792336e-01,6.352455366039566620e-01,-1.026242375302899967e+00,6.102350056939962464e-01,4.747421048398910437e-01
3.775547328379105227e-01,-1.820404310856558183e-01,1.830743824831261746e+00,4.931956884898786031e-01,-9.683358632535589150e-01,2.483054757359841880e-01,7.524833770742185290e-01,-5.881085989243095558e-01,1.089272246931098920e+00,3.820337057160106964e-01
-2.342478337665347077e+00,2.996719773379263319e-01,-4.060291544127153651e-01,5.371798145417360226e-01,9.442148402518143468e-01,1.951620471418180069e-01,1.665252233944695570e+00,-1.787068845634957326e-01,6.248178230538752320e-01,8.049425736373473361e-01
-9.734596889273275377e-02,7.787743079777822430e-01,-5.946729871621687646e-01,-4.225684190212184999e-01,-1.312488690336312436e+00,2.414091163700469445e-01,3.252516758543440578e-01,1.179263158579229254e+00,7.911400043558836082e-01,-2.847955566474331679e-01
-1.178179687334276915e+00,4.328504025199739758e-01,1.110753172414641998e+00,7.551849738039433380e-01,1.084477524857287545e+00,-2.118895311982425533e-01,-4.666189681756455210e-01,-7.369013522317989784e-01,-5.589646661359550656e-02,-7.859079596881940466e-02
2.066776285391161982e-01,-1.292974570355079900e-01,-1.336277297267712549e-01,-7.766940529721438891e-01,9.416190135514908022e-01,7.651806224371129894e-02,-1.744439342852821540e-01,-7.474292532492047281e-01,-1.331913110391085953e+00,1.307964192549343707e+00
5.546387081318071566e-01,-1.623917842569967185e+00,7.631423007096569400e-01,9.224811702331091601e-01,1.243761223009295092e-01,1.598110895751758909e+00,2.167196421228829717e-01,-1.416823527949189865e+00,3.651690010483210069e-01,2.448973017127292484e-01
-6.032968487781549261e-01,5.735588368774250378e-01,-1.667665266190861972e+00,9.905668274427894548e-01,-8.781217036054526082e-01,-9.849461251170323894e-01,-1.138247723074768819e-01,4.329729280436354077e-01,1.639240635934296197e-01,-7.426591657723782269e-01
-5.060892911918885018e-01,-1.133042347377462011e+00,-2.246799016298701157e-01,1.075021214510909706e+00,-4.262937643876163821e-03,8.594142547594531001e-01,1.455401337726191624e+00,-5.880185190369670023e-01,-1.865732530553646795e-01,2.171192861062495094e+00
1.444343411979945202e+00,-1.672404525812352549e+00,3.871483160609065499e-01,5.599923396953996723e-04,8.264531108587623853e-01,-7.449787674850553154e-01,-8.396083720406721795e-01,-6.760707152936095143e-01,-5.719285461984328078e-01,8.153241668090142058e-01
-1.181201173148880068e+00,-6.226138999593189283e-01,-1.789012390501441230e+00,1.007117823412372992e+00,1.271030099431140536e+00,-3.270734308637864851e-01,-2.979493648132229833e-01,4.532219022828972710e-01,1.474482007378255632e+00,4.086107475639172426e-01
-6.975419424751145847e-01,-1.618822571986440417e+00,-1.115126262663487688e+00,7.321945031246504532e-02,-6.553275232007943485e-01,1.949677059907586052e-01,-5.529240162362339950e-01,-1.058146431294411549e+00,-1.177031631453071103e+00,1.562354509373229616e+00
8.889877491836430945e-01,1.730517951827958534e+00,5.399509007551028805e-01,-4.299914086148390324e-01,1.323340922489937954e+00,-3.306800136176786531e-02,2.208417702903523183e-01,-4.282437907551899653e-02,-2.946904219284014470e+00,1.604735012294853158e+00
4.910039459577534293e-01,3.298230608685100429e-01,-6.177606227056069849e-02,1.634278203861309897e-01,-5.972789358462476939e-01,6.165793523072711224e-01,-1.307098344399132417e+00,1.860684324705468851e-01,5.615734705711045160e-01,-1.986691338229029935e-01
3.708677924710247487e-01,-9.913343922342502390e-01,-9.658267708959641373e-01,2.367171210263931680e-01,6.785496546210516566e-01,-1.874865655501710915e+00,5.220206351107665732e-01,-5.432015003763370764e-01,-1.928060873074124715e-01,-1.339517923565037183e+00
-8.516172401867081465e-01,9.661253255303112741e-01,3.286337398021317580e-02,-3.827784017095585134e-01,-1.164883526310347556e-01,4.892118246643011870e-01,4.404944961633377454e-01,-7.502700039680086641e-02,1.092959110896668307e+00,9.704626369066661207e-01
4.133720291303957239e-01,5.461178291007044716e-02,6.573210951195390672e-01,3.142674218011833887e-01,1.060800071805947598e+00,8.995613767383077164e-01,-1.018253901417728535e+00,-1.085963170741706341e+00,-7.012495444040762749e-01,9.761386900669211109e-01
-1.576308996771245585e+00,3.947573891079932951e-01,3.625430910929613448e-01,1.162648058686192698e+00,1.803386906638874410e-01,-1.343209390583900653e+00,-9.593549606481228675e-01,-1.181995521897824641e+00,-5.379439663331403443e-01,-1.829015674239269085e-01
-1.165441526221056900e+00,1.470661990652289308e+00,-1.325281371952441001e+00,1.346103423862480497e+00,1.185163031439340431e+00,8.983025496890353345e-01,-6.937666074967504537e-01,3.424508791769014238e-01,-1.277371133550617932e+00,9.109070350337492572e-01
-7.398478153626887599e-02,-4.093202145866852160e-01,-1.223744846656269258e+00,-2.477506118629016818e+00,-1.038540857035755938e+00,1.112798195612906493e+00,-4.028334284748040228e-01,-1.693288571150473043e-01,6.555543582884527654e-01,1.805668878116265086e+00
1.325004654945638682e+00,-9.723350038161880926e-01,-1.942570571437406413e+00,2.359614259100103695e+00,2.268991611659453511e+00,1.884535964292826937e-01,-1.270488245581821607e+00,9.632265338939391963e-01,-1.079836860126101861e-01,-1.129811231066104871e-01
8.944588431051290200e-01,3.343747468732986006e-01,-1.185814911014945183e+00,-3.247419350819738537e-01,6.611529286613465617e-01,5.102522224050185518e-01,2.620165743584757512e-01,9.334229544758642083e-01,-3.617169878172645792e-01,1.786697752190720412e-01
-3.375579100177600100e+00,-4.496501938428139056e-01,7.639029085756443571e-01,-3.903944671171425407e-01,-4.662273917171120274e-01,-1.041452951774818558e+00,1.003365892729145559e+00,5.484632735405706727e-01,8.254145978230849057e-01,-1.726213961957889564e+00
-1.604500432656339459e-01,-2.801110077500061912e-01,-2.805717065985525172e-01,-6.160275437179558722e-01,-3.461042717800152380e-01,8.496447827066517799e-01,-1.912851353347829297e+00,1.777294768030453609e+00,4.838411250264614827e-01,-4.233189566021276079e-02
9.068341463729262530e-01,-1.451834745168435026e+00,-6.647009051510139876e-01,-1.210754323905538637e-01,1.365560370432177484e+00,-4.649658112655792597e-02,4.500546711851462489e-01,-5.895789959361277255e-01,4.868420689674909929e-01,1.677239592974456794e+00
9.955266916741141170e-01,-8.145598777787942113e-02,6.754908472654697071e-01,5.775169546072117521e-01,5.065876716972756988e-01,1.111953360860408857e+00,1.104477703837466462e+00,-1.271585968748842888e-01,6.418790614777691861e-01,-3.830949211597937665e-01
-9.230723963155775813e-01,-2.694937557039864262e-01,-7.627815173958267525e-02,-1.661580989177992018e+00,8.603325594167203771e-01,-2.767325422602398000e+00,2.714816939486321523e+00,1.501879133796318877e+00,-2.610087241723135776e-01,9.426360563773238110e-03
3.029718735872831692e-01,-5.891603879889419915e-01,1.926191475869363512e-01,-1.439999777016610916e-01,-9.427271723096598832e-02,1.814610634806386735e-01,-1.313527798353994358e+00,3.956972413364813479e-02,1.634477466174772409e-01,1.288496213559142956e-01
-2.158307554361544589e-01,1.137857775969371765e+00,-3.536525548815511732e-01,2.273259068231903157e-01,1.297297533925545698e+00,-7.937614002031229132e-02,2.144632674675513162e-01,-9.638463631489710415e-02,1.237369793563599218e+00,-2.577245615862952532e-01
1.283354577288205567e+00,-1.035878946470646933e-01,-8.594597234480167991e-01,6.793731705741210547e-01,-3.046678337556560368e-01,6.205008990991628393e-01,-2.729404384923733939e+00,5.205261894946380981e-03,-4.596052987574804072e-01,-1.063258686531278085e+00
-5.532410018397994067e-01,-5.737031442926515679e-01,-4.798579485058113159e-02,-1.367326461284955830e+00,3.162737802597136993e-01,1.366214785205787985e+00,2.809284969478263450e-01,8.089886092290089481e-01,1.094562454613795532e+00,1.236489512184176798e+00
1.870138692821305293e+00,-4.992019982759302588e-01,-7.184839851611164452e-01,7.834656483247346426e-01,7.082662196573997759e-01,7.756752996156892621e-01,1.889282454250251986e+00,1.136990879849416637e-02,4.261565596461848737e-01,-9.803882514834748596e-01
2.135321123975957747e+00,-3.365449212091110032e-01,-3.082159281608299328e-01,-3.467498910082427166e-01,-6.448958586443377383e-01,-7.294370488476492609e-01,-5.237042828895251967e-01,-1.365795928050944630e+00,-7.853179202632383227e-01,1.948963111447619134e+00
7.356551436413686362e-01,9.259041767277179646e-01,1.177208787416914815e+00,1.834134564362390751e+00,-1.771422551443843973e+00,-1.229883115286540596e+00,-8.037236608946852767e-01,-4.697297964895976730e-01,-3.005693905852489523e-01,-4.469775528060407899e-01
2.193089131320540841e-01,3.529539074521589881e-02,-7.228347951782496672e-01,-2.175548776987569877e+00,-9.928687053786982020e-01,-5.492386533125752646e-01,-2.470794368077194603e-01,-1.129667459310536914e+00,-4.908064664964201795e-01,-1.130987388485586331e+00
-1.258193515483330138e-01,-1.073091328362615338e+00,-8.489046563704645276e-01,-1.308684130989139049e+00,-1.535006955697838515e-01,-8.664477699523983611e-01,9.067842666754293290e-01,4.058502666928989755e-01,-6.985186818364300110e-02,-7.974854973437885963e-01
3.805203053163028759e-01,6.907008893486370482e-01,1.426884122016302825e-01,1.603701855466930448e+00,4.596373180748159482e-01,9.136072175680342022e-01,1.335654155359781992e-01,6.756644532569765493e-01,-7.967812326691753322e-01,-4.583983632127938135e-01
3.493635534823797406e-01,3.420994815573816239e-01,5.076118229432474704e-01,1.100392892278729162e+00,-1.424971171815412108e+00,-9.744525476102960937e-01,2.295726410742531254e-01,-7.243636318034607502e-01,3.377768241289361928e+00,5.157196191701359789e-01
-7.833084893015722361e-02,-5.154692730838591475e-01,-4.801622831930444368e-01,3.014066131517737640e-02,1.119819326212577182e-01,-4.566991446935129706e-01,-2.731522465199017757e-01,1.344284575234596435e+00,1.384504962651034177e+00,2.520339799348770282e-01
-1.341259727236737698e+00,5.385031566390434676e-01,1.554282441611025911e+00,1.369781101962378678e+00,7.344258528096671013e-01,1.422422955285821633e+00,5.338427247902175626e-02,6.281029698337049494e-01,-6.807755663251802147e-01,2.922654561557121444e-01
1.329534243970524443e+00,-5.894234114868910357e-01,-8.614434294642864254e-01,9.748893902369684672e-02,-2.266622037239995613e-01,6.491477210704204026e-01,-4.532595259470423299e-01,1.718439615602713966e+00,-1.289676097961055756e+00,1.253734786219734554e+00
-7.648492283081030907e-01,-1.795982734584023355e+00,2.378751563488673837e-01,-2.546079860138835693e-01,-1.109609367903030774e+00,-1.681376891715264055e+00,-8.360787271456759581e-03,9.758368916238178148e-01,5.849534930864442872e-01,5.670664883926549577e-02
4.788475732177350785e-01,-2.721413237785700462e-02,-1.429724243030371156e+00,-1.420893985223443234e+00,-2.031685289846788811e-01,-1.606532863660744548e-01,8.509826785067651223e-01,7.573042237747471539e-01,6.051330157589493997e-01,-2.802827130771807229e-01
-1.380652170110139521e+00,4.120711370660239403e-01,5.251693132621684246e-01,-2.388531462477685885e+00,-8.343381865826626775e-01,-6.910543773938959689e-01,1.183502011234362772e-01,-8.033604327656939104e-01,-3.813456882464037051e-02,-2.105349403529919450e-01
-1.591494715377279323e-01,-7.163942937007461431e-01,-6.389850540666776046e-01,-1.080267059780692707e+00,3.800674405738320161e-01,5.711026285913682887e-01,-7.706179501253388464e-01,1.520640096017044529e+00,-3.146014474420488760e-01,1.530185623796560757e+00
-6.421271738316033373e-01,-2.026577776599435499e+00,4.021978249123512872e-01,2.485451051189872251e-01,3.439379530758307491e-02,-6.422324784439893408e-01,-3.457222548581901506e-02,-5.112594578695273118e-01,-3.023495663317506410e-01,8.416322557650750547e-01
1.842172295300934792e-01,6.099513873319772905e-01,-2.318685066257899219e-01,-3.420173458047750525e-01,-1.153482530888643609e+00,-3.700366125681969764e-01,-3.321114555589138817e+00,-5.902219663056348375e-01,-8.187417719083904533e-02,5.636736542701560326e-01
-2.686778775249567541e-01,3.476735422449994117e-01,-2.179788661390245519e+00,-5.683685220694973533e-02,-1.679502792913403431e+00,-1.208303515659332694e+00,-1.871655478638609149e-01,1.276263987873554440e+00,3.712067634700587648e-01,1.823099713711716016e-02
-1.953038946710220283e-02,-7.136288932044673183e-01,-5.439834133726836329e-01,4.273760454707971612e-01,-1.385360518444494371e+00,5.930540502830211613e-01,-3.885070671188527447e-01,8.255570748695653105e-01,9.610934572320832814e-01,-1.673084012505740015e+00
-5.815807632272180783e-01,-8.555276879406237267e-01,-1.812727965073142933e+00,-1.032533276209410600e+00,2.441255845265339897e+00,6.095098962124401165e-01,1.917287968605754012e+00,8.290984400183356584e-01,-7.418431610084754713e-01,-3.817711966740430229e-01
5.884361802403073050e-01,4.375062034730363147e-01,-5.773420157083337667e-01,-1.509993170579206900e+00,3.287761187388738904e+00,-1.411496723428056765e-01,-3.257388931826199485e-01,1.133344639053018438e-01,-2.427285893110286141e-01,1.227289077054836974e-01
1.286947286116419287e+00,-1.245484796864237825e-01,-1.162710439327761414e+00,-1.616437944786109360e-01,-4.644017814099107855e-01,1.423898937246851348e+00,1.171119064737570659e+00,1.075250004307988227e-01,-1.278735854819256446e+00,-1.225892263439945840e+00
1.512326158455363882e-02,3.363229693212808069e-01,-3.746228193260549011e-01,-4.801695842072341569e-01,-5.927992331786469116e-01,-2.339396024394622270e-02,-2.382762352073064971e+00,-1.101326628769709881e+00,-6.270508454473505688e-01,1.207503194951920600e+00
-8.138136419289293544e-01,1.804681418312064634e-01,2.265427509309960452e-01,1.297916505660762221e+00,1.262577406964150217e+00,-5.750296879491637037e-02,-4.754847411894428388e-01,-6.638331028256903021e-01,-2.410632224657809075e-01,-4.340333543235999625e-01
5.536274093582319589e-01,4.203098174852042956e-01,5.918011911450157259e-01,1.259283711436168351e+00,1.862869121400176908e+00,1.246633934075568745e-01,1.099463771395653211e+00,-3.516601838342151565e-01,1.185006983583015705e+00,1.061509157175844154e+00
1.008415969942991319e+00,9.406984119152385360e-02,-6.683581639908887650e-01,-1.394528437865476533e+00,-4.003720752109928005e-02,1.533012542249182930e+00,-3.098449013640731109e-01,7.851265854600545380e-01,8.439514005189311385e-01,-2.836862209271727719e-01
1.316344837519519473e+00,-2.908660744480503713e+00,-1.222750278738174989e+00,-9.156322963584597741e-01,-8.197150228673898420e-01,3.362629511858954978e-01,2.900378030539018659e-01,3.939905721750078804e-01,5.960814941324870109e-01,-9.501045691456493358e-01
-1.218176066807318936e+00,3.963196820078629390e-01,-6.302320736464390727e-01,-1.570475045367970557e+00,9.713442845414814730e-01,1.395101906502297595e+00,1.557160889698659290e+00,1.870077214747202787e-01,6.259320959729025580e-01,1.369868223361910831e+00
-6.414157900234341847e-01,1.110677684054091952e+00,2.753962341432086847e-01,9.137116523425909964e-01,1.860930208759352666e-01,1.296256709748001779e+00,2.235237625415368579e-01,-1.483979059467417594e+00,1.451926632314721965e+00,-9.475307409721119845e-01
1.253058210243914283e+00,-9.024288144032203973e-02,1.176010985197706527e+00,1.134768614866765057e+00,4.301429743153712959e-01,5.085353176271307785e-01,4.226286171925659474e-01,-2.013824756281077821e+00,1.183302188982021802e-01,-1.116064176071895009e+00
1.711871437456629341e-01,-1.142942546383215463e+00,-1.184951941226074945e+00,1.604934501753901843e+00,1.069447388124189713e+00,-4.142584944154457244e-03,1.847686502490238913e-01,-2.479160257430088610e-01,5.698763759795228978e-01,-6.760543665488049081e-01
9.937402628679573580e-01,-2.530868410141108305e-01,-4.198469958312289196e-01,2.171301848484270131e-02,-5.911468299256105174e-01,3.286823494964829506e-01,-5.373625893133997522e-01,4.685236028188360380e-01,1.216006538911476476e+00,-7.193216868081736548e-01
-1.305754572951713099e-01,4.613307130354217245e-01,-4.358573549814068748e-01,4.643205608266651185e-01,5.553988606517399340e-01,1.083261776294303980e+00,-6.059900460849119153e-01,-9.427752402304745427e-01,-3.075773895637438082e-01,-9.677523395470999379e-01
5.644982040474970653e-01,-1.161751300176411261e+00,2.333016418252688240e+00,1.295927861573750617e+00,1.257576960031423809e-02,8.673944929979759966e-01,-1.636801864310791554e+00,2.523373331399557884e+00,-5.902146122004895412e-01,-1.204974138993595151e-01
-1.855933287188436642e+00,4.862873047408947103e-01,-1.106344157077108870e+00,1.016557615660292069e-01,-5.442744329245381429e-01,-1.077743934930343483e+00,-8.043615017626171149e-01,2.257880340855211998e-01,-1.281490972868824407e+00,-7.488116710235770412e-01
6.632733812644778792e-01,2.602479874874313204e+00,4.775888195530048619e-01,-9.172616421772874507e-01,-3.671141700723110080e-01,3.158900615257829309e-02,-3.494249506357073876e-01,9.030581667369329546e-01,2.174734830142245612e-01,9.078523849098701914e-01
-3.144437902976293664e-01,1.325500219721256645e+00,-1.664855842815458897e-01,-9.711898691379916571e-01,2.177320381042221253e+00,-1.824977746961116809e+00,-7.387387253049275682e-01,-6.270278518303945559e-01,2.508306273056563285e+00,1.806858884146511635e+00
1.493928143642197615e+00,-3.306586623763317911e-01,2.426178003841775066e+00,3.683520038409712205e-01,9.772633703031222696e-01,1.796953811062069473e-01,-4.946657132325151668e-02,-2.517786739263792595e-01,-2.096399934191622294e-01,6.084916486780788114e-01
3.671997987753879977e-01,-3.147137020368389465e-02,1.509523992698854400e+00,-2.966753068740730637e+00,5.098872479211949971e-01,7.177387066589793196e-01,1.146962868255169576e+00,-6.487144105336112299e-02,2.079200673839576019e-01,9.859483833147212328e-01
1.491166404280179991e+00,-3.005359851787681724e-01,2.669757831275602067e-01,1.678573964348757386e+00,-2.124027075878851090e+00,-6.900125998145851813e-01,1.465835978602963108e+00,1.092537833608303144e+00,5.224452109266942701e-01,-4.485968731091201644e-01
-8.818184989854194189e-01,-5.912156192423737577e-01,1.548008220818692493e+00,-6.284426891553462902e-01,1.014229642396578812e-01,-7.537076448617460178e-01,8.427740300990269606e-01,-5.387262803464412109e-01,-9.759389015441426174e-02,-1.683382133042825579e+00
-1.613368236204939743e+00,7.673193321506306848e-03,-1.325157155197761893e+00,2.105086639334502241e+00,-2.061523112112249478e+00,-8.001752986641040843e-01,1.670086726755042050e-02,-3.651329377957844846e-01,-1.104145456663919056e+00,-9.579278394952680520e-01
-9.906540774992385057e-01,-2.867216948200628779e-01,1.951929089517423721e+00,7.793729655820970381e-02,1.182900489387523901e+00,5.069763458281416613e-01,1.113862397982220420e+00,-2.799964302593585863e+00,-3.044580211482294518e-01,1.307135423150713738e+00
-5.717358227493336553e-01,1.762473164869612141e+00,1.483890153767761566e+00,-4.691307161274623772e-01,-5.031635190463566998e-01,-1.013605842354468711e+00,-6.295942318637977042e-01,-1.232589064168915227e+00,4.288111804330055898e-01,-1.456046493346433435e+00
6.037330161902217940e-01,6.280786969002486453e-01,-1.661204405183922539e+00,1.549818606328339454e+00,5.136092944152218509e-01,7.496980214448689672e-01,-7.586652015427722828e-01,6.223791184731186643e-01,1.126393449722065565e+00,-9.860839900467728569e-02
2.001922459248361097e+00,4.406463491293768908e-02,1.140785800452474463e+00,2.930088072586550241e-01,5.855215328568676991e-01,-1.671332267634772162e+00,3.710537382153631381e-01,-7.349751012572659503e-01,-8.463983057776877095e-01,1.744103184465978451e+00
-2.137702480623488999e-01,-1.003301830975496634e+00,-3.591316281088747231e-01,-1.300450228921913753e+00,1.433884468196269912e+00,-6.956807441665150415e-01,5.292999339436692541e-01,1.356106714210325137e+00,-5.001526812147293333e-01,5.320224322727860056e-01
-1.030086054904429949e+00,2.445769569113684039e+00,9.363801346166221728e-01,-1.926064387608060202e-01,-7.728337308889637880e-01,-1.139965528396263555e-01,-3.399837223515191909e-01,1.952944553999506727e+00,-1.225534722214902228e+00,1.348014232902034204e-01
-1.833806663370995960e-02,-1.174103003448694754e-01,-1.086166549383424107e-01,-1.160708101204834530e-01,8.730660663320997106e-01,6.089844464924351053e-01,4.189116113727864854e-01,-3.033989362145268931e+00,2.997948741631638048e-01,-1.655639360170082508e+00
6.463201631358254096e-01,1.474497367570514639e+00,-9.262391125885508503e-01,-2.617807223427067731e-01,-5.993557050529969565e-01,1.235431775756800743e+00,9.502788527207305103e-02,1.728329380566333340e+00,4.137542029473875727e-01,2.424501806358193845e-01
6.820678260283634387e-02,8.179920992573367355e-01,-1.737686198245343316e+00,8.534395552050992595e-02,-7.004644372796484109e-02,7.254188271577660663e-01,-1.877016058740368643e-01,-1.038734434162670084e+00,7.350674919699149053e-03,-1.082840528868343366e+00
-1.925262212587485422e+00,7.271224814854929663e-01,5.790615726946706232e-01,4.670909439935745922e-01,1.302928421945811044e+00,-6.650318903039251772e-01,-1.431114142771255038e+00,-7.002977680804456373e-02,-3.475002997059104537e-01,-8.422957167700686476e-01
-7.984915348779596245e-02,-6.116051462045847265e-01,-1.836005283356831219e+00,-4.411766907937603177e-01,-1.136375166703857298e+00,2.316480716109227123e-01,-6.560347582406549360e-01,1.111631474141051568e+00,1.603866067267865736e+00,6.793813730119061534e-01
-1.551026181983319985e+00,1.505195998879039543e+00,1.575720450373764958e+00,1.879051130794076249e-02,1.322926160335532009e+00,-5.516751380466781152e-01,-1.866245934849589450e+00,-7.602844386215936723e-01,1.729300866044756413e+00,-1.491079923611473568e+00
-4.787180685054914743e-04,3.414389334021221412e-02,-5.129742439678117716e-01,-4.435215998371150325e-01,7.224913423620271669e-02,-5.621623419347272499e-01,-1.422058497167931090e+00,2.150319429434560115e-01,1.073366582444972295e+00,8.695725186534211115e-01
-8.097354673898115029e-01,-1.251227915377675748e+00,-2.841878821547785816e-01,1.567791509795664062e+00,6.455980789595455738e-01,7.039646767942335792e-01,8.898569517854946209e-01,4.207665625185863512e-01,1.206085476135786289e-01,6.623068966479679354e-01
-5.461661042180196990e-01,-1.414463011366320799e+00,7.229969346243232398e-01,1.237738105749225159e+00,-1.118231939356031379e+00,8.219214824159002397e-01,1.680765713388189919e+00,-2.246201757120979380e-03,-8.180021847417462411e-01,1.230186735267556203e-01
-5.505339682007013291e-01,-6.167301099564016509e-01,4.331840672715426277e-01,-1.603729475029895379e+00,-1.443928922492227152e+00,1.929088037394280711e-02,-2.230853891243118892e-02,3.435545770399357490e-01,1.875225388483388489e+00,1.045140360758211318e-01
5.981721503347945390e-01,-9.755329356146319464e-01,7.679376635165371390e-01,-5.263908651106777858e-01,7.142083258109317712e-02,-1.088486250691616947e-01,1.032974234914030953e+00,-1.309976554374999491e+00,-2.283238634615039508e+00,-2.134326970879245056e-01
4.685312569051240938e-01,1.522693758075000237e-01,1.232204237413911274e+00,4.373726741796683526e-01,-5.638483318598599414e-01,-2.325420154139680395e+00,-2.373122341952182690e-01,1.027959002257798016e+00,-3.920477826671145971e-01,2.832026367776419723e-02
4.213602543067085371e-01,-1.015292374249815888e+00,6.232358966388173993e-01,1.637121790001705657e+00,-1.728133518934063251e-01,-1.129064421832301823e+00,-6.660102702197370772e-02,-2.224384108608868704e+00,3.369032639766160186e-01,4.522743776485788070e-01
1.675636293845562230e+00,-1.939947925666250794e-01,4.084853381464702560e-01,-8.612881023859011442e-01,-3.564271205250786889e-01,-1.525185436662197969e+00,-1.947896212832355978e-01,-3.053091535185648575e-01,2.991997660888958688e-01,-6.235968803326392695e-01
8.334535097509189472e-02,-3.333800556076656485e-01,-3.314993882995142527e-01,8.036232596303014009e-02,4.052294231700991761e-02,7.611740390516384958e-01,-1.206430341298348613e-01,-3.498853491230031754e-01,-1.808074450872261818e-01,-7.146641168409925138e-01
-3.599110935666715583e-01,2.031158713073231148e+00,-9.126787606958670640e-01,-2.786563338793093814e-01,-3.874886632696903921e-01,-2.471716122443994856e-01,-3.312393088783950335e-01,2.792401012209997369e-01,-1.710175101391794295e+00,1.037171472532004479e+00
6.325827996421973243e-01,-1.242871586063134748e+00,-2.269077272952401358e+00,-9.770721461414011433e-01,-2.426664614271225318e-01,2.580291898690775021e+00,5.432569649742733375e-01,-1.807589649181457592e+00,-6.896555049009439609e-01,-5.321243627298322815e-02
2.536835542980969138e-01,-1.314748860310422929e+00,-1.349902279770613944e-01,-7.176391376105406561e-01,-1.103758562602316529e+00,2.595956466989539080e-01,7.738771734428222526e-01,8.410412769616194550e-01,5.743863511338760386e-01,-4.973695331402628317e-01
7.145497614635057948e-01,3.090544381042878985e-01,1.339418829520131748e-01,-6.116931217017983480e-01,-4.968761273415282509e-01,7.388693612455402016e-02,2.439874466985501478e+00,3.012424800913901524e-01,-6.111885022502859810e-01,-8.323894449694427822e-01
-4.917666126562028062e-01,2.177293447549065508e+00,-3.992566459459620520e-01,9.068705346102849951e-01,-3.759282454713563926e-01,2.611845412796286459e-01,7.917452740087222995e-01,-5.719028498099240077e-01,-6.411116541527696056e-01,1.658869694455329835e+00
9.845928948957969329e-01,7.906723186907281820e-01,7.872762931229140282e-01,4.595754883110654276e-01,2.017775813175064936e+00,4.390830187715679539e-02,5.772623672009193907e-01,-1.450912928594012552e+00,-8.249606865912408882e-01,-1.200818999835040479e+00
1.274063583516149345e+00,-2.552540152020749797e+00,-4.023100227527226513e-01,-2.993706602660622718e+00,-8.312878954818900823e-01,-4.909489497318663687e-01,1.384871093794044050e+00,3.966279392214571708e-01,-8.331415233289662936e-01,1.065963719731825909e+00
1.783225452975752828e-02,3.756685870725232079e-02,-1.202671507771992054e+00,-9.900137139031393030e-01,-8.250972999455243873e-01,4.646127315418957515e-02,7.788572698067479372e-02,1.544092663524045062e+00,3.850551679378343417e-01,-2.707565693672107976e+00
2.626419878716904632e-01,-1.450016356167532772e+00,-9.659709246115364412e-01,-8.121694717263299168e-01,-6.633383235123018196e-01,-1.375149392040303065e+00,2.034820034522876464e-01,-1.410802285090959174e+00,3.566676072498469185e-01,2.236971077061629565e+00
-1.329359058934063809e+00,-2.845103043392221420e-01,-2.523457362512469881e+00,-3.009352929701331614e-01,6.427171526314837680e-01,7.206392313572670405e-01,7.736373028409669617e-02,8.892634247589757956e-01,2.546054535942791741e+00,1.712304687437599338e+00
-5.225209294096369028e-01,-1.451103986466738549e+00,-4.061514165738035476e-01,-9.469827656173481767e-01,4.513475478646326589e-01,-1.181193539429498118e+00,-7.282243259034207328e-02,8.380140545363103932e-01,-1.006958728171770123e-01,-9.463138227477964071e-01
1.174814057585691796e+00,-1.878980944753827265e+00,-3.277950558774631040e-01,-4.166002338133473898e-02,1.590865839963108083e-02,1.804960560780811962e-01,6.104398198094931338e-01,-3.540743904535086084e-02,-3.680582821436806928e-01,-4.075893446596955960e-01
-6.115158020383546500e-01,7.875433243268652461e-01,-6.465284794765145948e-01,8.467711090082443715e-01,1.899908225987100366e-02,-5.212548068561295711e-01,6.184072157441348194e-01,-7.274539247231182060e-01,6.381840407282128869e-01,2.127261211917848560e-01
-5.963246890919207122e-01,5.286348153345591383e-01,5.465897256886387279e-01,1.157519605809957719e+00,9.661470124092959022e-01,4.912740207262828451e-01,-1.127590951208763181e+00,2.448586988174056955e+00,-1.403616211071810227e+00,9.492631742823089969e-01
4.312838168862984656e-01,-1.174142372481114638e+00,-1.243009388784991759e-01,-7.875288624464046872e-02,1.305582715810523542e+00,-7.133109002802114906e-01,-2.619450064243539211e-01,-2.336069605021263040e+00,1.734762793123577174e+00,-1.070468243020071153e+00
3.269108642391749253e-01,-1.014078297218639485e-01,-9.800096678333992950e-02,8.098619848708750180e-01,1.671262460303634567e+00,2.514936699419917376e-01,6.550780176305258662e-01,3.288915367270408563e-01,1.017531423930626344e+00,-4.629163794863271342e-01
1.075390554416413957e+00,1.110499865647383899e+00,1.082537008682909807e+00,-6.601478673364760130e-01,-1.683376342371908641e-01,2.394669887804349306e-01,-1.370842044829005735e+00,1.594920208086014757e+00,-1.227653350217588514e-02,2.839278876047215960e-01
-5.770044397272029446e-01,-1.326877559367022785e+00,-6.040298854747709889e-01,2.192041876335884265e-01,6.734288127536934843e-01,1.617915406027201630e-01,3.467240162419503724e-01,-3.370263746813766392e-01,4.962485662454281243e-01,1.482832866385906945e+00
7.047894424389868906e-01,8.095418882529402671e-01,2.940163993066310377e-01,-1.503155069599601878e+00,-1.044666530631243262e+00,4.548758006638433105e-01,-1.093905196008584414e-02,4.398428864728279875e-01,1.676423417844073560e+00,7.260359992293337061e-01
1.258886205742821618e+00,9.468138947073004297e-02,-8.072156774844397864e-01,-5.786615921434101750e-02,-8.047518137191378429e-01,1.558294956772448003e+00,7.903910765354695833e-01,5.205124966282795862e-01,1.235943202228103388e+00,-2.020056414523225374e+00
5.881379513426595596e-01,-1.310645784304372619e+00,-7.255698465661165539e-03,-3.117075924672144671e-01,6.617366120969478960e-01,2.281872889609554145e-01,1.345117173611788397e+00,-6.018971609326135841e-01,7.091143896332838814e-01,1.622232168988319290e-01
-1.635290270071552587e+00,-9.186164585230326418e-01,-1.498780335221683024e-01,1.112292449891727708e+00,4.637230575571145152e-01,-1.167500823880714300e+00,-1.403162280471597634e-01,2.017806448793030061e+00,1.112233348408580291e-01,-3.273255750723957358e-01
4.917396407562205085e-01,7.633930795819700021e-01,-4.561683474800590776e-01,5.025747743714370497e-01,-3.288894966708092449e-01,7.193276018294383345e-01,1.696931579712837312e-01,4.819678270528922059e-01,-7.591835461675043861e-01,-8.212863840728592546e-01
9.454973046593947439e-01,-7.939638138549375002e-02,2.850347420993615266e-01,-3.063954270865195673e-01,8.987267740136439809e-01,-6.078099800296576927e-01,-1.356012399008828251e-01,7.859928127031317047e-01,1.172967699164265909e+00,-5.237592910266833934e-01
1.959683981955882892e+00,3.132416936936163188e-01,-1.042928261808737656e+00,3.690520485899680403e-01,-3.829992144834576950e-01,4.340684871831768099e-01,-4.285624766033802047e-02,7.427369019014479212e-02,-9.115933765861459204e-01,9.900612307163599857e-01
-1.156127367151032148e+00,-1.108764895404995121e+00,3.673603491474866645e-01,1.602844247177969583e+00,-3.525930970644072238e-01,7.009723227039657001e-01,1.073340176863545326e+00,8.146844372940691414e-01,-3.112082891736814294e-01,-1.091046717194074533e+00
-2.207547565671355017e+00,-2.628404994623932400e-01,1.178087368562174664e+00,-1.124165984761934078e+00,7.002098475187653603e-01,-9.501525300518721684e-01,1.060725763868382437e-01,7.077916141550176787e-01,-6.594954368384278176e-01,1.704846806969140816e-01
-4.150913367253287189e-01,7.051486589381766867e-01,2.353171684846372125e-01,5.650767442926739326e-02,1.558349960141977686e+00,6.623061423683020976e-01,-6.903518661262890710e-01,-8.586390079776184958e-02,-7.589878507966074661e-02,8.031957262521190188e-02
2.524509276607494801e+00,3.708518927109968333e-01,-2.035902570104775933e+00,-5.427989717169651174e-01,-1.932372087495808577e+00,-3.297982570458398155e-01,-1.987310229726428457e+00,-8.715904710684280188e-01,-1.520721529634119884e+00,3.841601779674775341e-01
5.393626288786419146e-04,3.029623074987310982e-01,-1.045513885685264016e-01,-1.394297750204417818e+00,5.135213692547353492e-01,1.922224560269452764e+00,4.092125786065467508e-01,-4.259245993175659883e-01,-1.428067176105445091e+00,-9.080669707599653417e-01
4.530396565720589686e-01,1.073118026799374958e+00,2.608661747219759297e-01,7.998872897059834397e-01,7.076782440272428865e-01,5.065343913859176039e-01,-6.584735952612559284e-01,1.739235119751524616e-01,-8.483778038821382372e-01,1.742895295810178991e-02
3.308635310669119090e-01,1.678783807386854843e+00,-1.309731974367632112e+00,4.815076309913053909e-01,1.481236591623594778e+00,7.588477658387964286e-01,8.329454428250414599e-01,5.876949018678121472e-01,1.298334489775416767e+00,-1.087478168112367971e+00
-1.385926665970246496e+00,-6.334140465255961618e-03,-2.161162103571709903e+00,1.230645804178011282e+00,1.220715195495441385e+00,-4.333505550845261900e-01,-3.707705966605096548e-01,-7.234747515067134482e-02,5.202065043961975194e-02,1.271739191942853897e-01
5.582321068783031581e-01,-1.726263530084781173e-01,9.431933034777939540e-01,4.459477771253033129e-01,-6.069634458726355097e-01,1.335112667804097430e+00,-1.358256986122486909e+00,-9.216581082147648485e-02,9.669174010754678639e-01,-7.230731049121446041e-01
3.095556467671514711e-01,5.433395969990479912e-01,-8.605238679812390323e-01,-7.247771959403506714e-02,-1.565038302092101596e-01,-5.517378518322928471e-01,2.301674852050774600e+00,-7.631063534454757269e-01,1.004930294067883256e+00,-3.928010168811419400e-01
-1.086636188885281795e+00,1.028142431550689018e-01,6.490933843875007492e-01,9.205095750656787645e-01,1.562265110655069345e+00,2.945246289935099959e+00,2.505142037555971313e-01,-6.630921738253878761e-01,4.528743267948912021e-01,-2.662129504064916219e-01
9.259661298522298134e-01,-1.297164296365721725e+00,2.368334542400437392e+00,8.560480947755128023e-01,-1.684004017796164598e+00,-7.090289023149721759e-01,8.160810441139387805e-01,1.176344056171454655e+00,-1.272237627231963319e+00,7.130258504329488600e-01
-1.947339872661923321e+00,-8.933586547104598041e-02,1.112046842103206368e+00,-5.515157301029804948e-01,-1.506922299138013566e+00,1.462147963775592974e-01,-6.047188666354781361e-01,6.295583660658357061e-01,-8.853264322180603996e-01,-7.726368896531002894e-01
-2.021002320876243541e+00,1.699447110514828441e-01,-1.609049382765987413e-01,-1.188384670740070925e+00,1.937987137670920124e-01,1.027070300644139067e+00,-2.155679434189498311e-01,2.681669498219737546e-01,2.733112495851641732e-01,-1.204329827178960421e+00
2.056585820707595769e+00,-4.708498301222838744e-01,6.561162018602707535e-01,7.692152772290495877e-01,-1.395951271157517548e-01,6.067950250596346740e-01,2.458192218163891274e-01,-1.417639757227405983e+00,-3.322727012500882315e-01,-6.125509023540618436e-01
-4.617450413461270942e-01,-1.304003177836637883e+00,1.126433716746030100e+00,1.601992654613412892e+00,9.780029759984086857e-01,1.270529224147142866e+00,-3.446348370081561696e-01,-6.362568349860364680e-01,-7.785870468117115362e-01,6.440649229572226186e-01
2.270630531441496236e-01,-7.722171159842571020e-02,1.295148544195342977e+00,4.049413538153430192e-01,-8.386576375205847533e-01,-6.809088291356947265e-01,6.819932992541455352e-01,1.041732852654597030e+00,5.516802322559695160e-01,1.896888747872081282e+00
1.635007165731418910e+00,4.410358348507628645e-01,-8.385806594815022885e-01,-1.309987511731767640e+00,-3.873817450147148400e-01,7.532134464161569509e-01,1.826647079311937816e+00,4.174470344107998332e-01,1.168722794231236595e+00,-2.453074861878023483e-01
6.227691252275501244e-01,8.233568294771725915e-01,-1.979594275852528229e+00,-4.134388023765102615e-01,9.497003842778697358e-01,2.744683356365649196e-01,-1.196515048150933014e+00,-2.430122375727356232e+00,-3.657807453020063826e-01,-7.158569289387904655e-02
-8.839229498283454056e-01,1.430849370279944077e-01,5.063867472328946739e-01,6.706871707262328508e-01,-2.355918924932322245e+00,-1.314285097808120195e+00,-3.046226483547355701e-01,5.721731310374634782e-01,4.892340135500355403e-01,4.718699478766757993e-01
-3.834179419689318080e-01,-3.276334373099607511e-01,-7.283292684217407276e-01,7.681941281058478621e-01,-9.204887877395782070e-01,8.500363951895698600e-01,2.078532381376460847e-01,-4.504447845515358734e-02,-6.567103997764666135e-01,-1.355541861164126338e+00
-6.476527563780456465e-01,-3.300068686248863181e-01,-2.369024311581251485e+00,-1.973551553346642728e-01,9.243573680260055436e-01,5.672179054338725157e-01,-4.962058757415074295e-01,4.693629841522772156e-02,-5.561645694219996550e-01,1.487607333356961159e-01
1.540107823744031545e+00,9.684988026248759763e-01,5.207943056927527570e-01,-4.928849123837182877e-01,7.499383929448385500e-01,-1.686876951373053046e+00,-2.523534819908905269e-01,5.837114198239499174e-01,7.404212140477514081e-01,6.698844902157410353e-01
2.948306892096945186e-01,-1.957249790838829218e-01,5.379759698264888756e-01,-9.528610405863005006e-01,-8.446772632932498803e-01,6.173467646029672656e-02,1.731976427087473791e-01,-1.825615178564646390e+00,4.551463809495185364e-01,7.727283779193933055e-01
-7.728523746629531455e-02,2.374466283283992230e+00,-6.829351063151861689e-01,-3.610871633868695252e-01,-3.950669061272093496e-01,-7.618761129101754570e-02,-3.287248129662910801e-01,-1.406810544604871760e+00,-5.465482962364753838e-01,-9.762069577407608834e-02
1.228572082061997417e+00,2.202243273372913368e+00,1.335473897850654623e+00,-7.753790296726064124e-01,-6.958096106261655311e-01,-1.593285775093509771e-01,1.784558888853586156e+00,-1.654240521818934051e-01,-1.327507490537430668e+00,-5.011771369530351183e-01
7.570560018194170127e-01,6.899402768960868348e-01,-2.002166664916560923e-01,6.834146735600306055e-01,-2.273172202546831944e+00,1.038292350326976837e-01,8.606854213686301325e-01,-8.328632751545351764e-01,-8.363385364962879764e-01,-1.866448152763475310e+00
1.589895594810694091e+00,-7.201539770215666936e-01,2.410432778621117433e-01,6.039170414833745504e-01,1.512067949141453038e+00,-1.538977739856352833e-01,-5.394297937784185981e-01,1.730676485705534839e-01,1.284080276542286958e+00,-1.701725314007837553e-01
-9.548690815840763513e-01,-1.540757808315362354e+00,-1.221297384605225300e+00,8.643914974066648771e-01,-3.206244763068115122e-01,-6.075209099207103947e-01,-7.159672231839423473e-01,8.504586020018181647e-02,-2.394550937655837708e-01,-2.731321437192524848e-01
1.349323927810739177e+00,1.538016281861633416e+00,-1.610021672908996448e+00,3.275927311429576161e-01,-7.768620986213922164e-01,-2.482511138610935530e-01,3.092783851266944217e-01,-2.127199169309193505e-01,2.304598806276331735e-01,6.729702060319174839e-01
2.945768005403198719e-01,-6.468363041676234992e-01,-6.291996069703238437e-01,-1.439705296618035479e+00,-8.539202975207182966e-01,1.962068361898528179e+00,-7.920035740952444669e-01,-1.193378812443819825e+00,3.199278618447733424e-01,-1.103647592918598486e-01
-1.955932368492254159e-01,1.409045966412090012e+00,5.491266755583651404e-01,-5.299929317034753895e-01,-4.244759175917799388e-01,-5.025865139056850950e-01,8.747396215802570874e-01,-3.081476294531374505e-01,-1.793153502454150505e+00,-4.831967873434431932e-02
-1.537026001127929087e+00,2.184230601754901802e+00,-9.656679138472309409e-01,-1.618647653577306722e-01,2.582027347011369156e-01,-2.886581606792300025e-01,-2.900304014661926333e-01,4.218272861608771129e-01,1.526215958796278693e+00,7.675090818172974894e-01
1.478513878573542772e+00,-1.046619108093501893e+00,3.173626332553613483e-01,1.552460520582792658e-01,3.510912916767348069e-01,1.376231970635572566e+00,-2.207891497920540513e-01,-4.055033665540876964e-01,5.339807974186638884e-01,-1.778202727565847407e+00
-2.368520491221783042e-01,-1.341976892854529757e-01,-9.203586163069252812e-01,1.057059011356577205e+00,-1.062240317343284168e+00,-1.358730483637962116e-01,2.931572253229683400e-01,1.353451561476118448e+00,-1.055643488085331559e-02,9.361535941282105311e-01
7.005953972771273852e-01,1.234575561691425294e-01,-1.089513408273455441e+00,-1.434580860904348887e+00,1.065054014191864629e-01,-5.426968739026135635e-01,9.192610916812917754e-01,7.458565180985775589e-01,-1.846109944370498135e-01,-1.157712923941269345e+00
5.107355496072734091e-01,-1.017949446135150371e+00,-7.584639229308649533e-01,-9.794157382151544855e-01,-1.385010219399534503e-01,1.170192334070561557e+00,-5.040870223528701004e-03,-4.432186924276957374e-01,-1.525614930045244177e+00,5.521245847298429377e-01
-7.804046059286274817e-01,1.175176191580966090e-01,-3.542186159166406112e-01,8.381772195994376951e-01,-1.572363920285521632e-01,-5.892635452305160920e-02,4.857471474554596047e-01,2.106940182263185690e+00,8.884469303585543765e-01,-8.860610634860940915e-02
3.197990615288397002e-03,-5.248594603244346457e-01,-9.499957035196952004e-01,-5.527507870663219691e-01,-7.721489637119425264e-01,6.533683837958854657e-01,-1.071194857868986050e+00,1.333210561380044235e+00,7.520463836188296947e-01,2.050172936766846837e-02
3.186114650683144283e-04,-5.572813096145534661e-01,2.700844113477640640e-01,1.088092463208589100e+00,-7.031564622558137412e-01,-1.533392088918730467e+00,7.032182548567439406e-01,3.243659742438004812e-01,-1.120198801441179448e+00,-7.333913709141179904e-01
-8.591042740501406705e-01,-7.245322690342489436e-01,-3.236827540411877369e-01,-2.665473042807472992e-01,-6.507936550684602084e-01,-7.581638194999281710e-01,-2.287843439193815442e-01,1.676915348595612587e-01,-3.162965363648446160e-01,1.158667023341301672e+00
5.080877144207864848e-01,-1.590845856858695839e+00,5.237277654138534633e-01,6.055439825855826186e-01,-4.347349681241912678e-01,-1.495197587303155551e+00,8.066759411136090185e-03,-7.708651482244078396e-03,-1.121646236533194729e+00,-1.451219216259935552e+00
-8.755354645343943476e-02,-2.330771920508219186e-01,-4.172653653223936110e-01,-8.341073474656136855e-02,-1.102776373820319122e+00,-4.348206128661141756e-01,5.333250306143475505e-01,-3.499700803512887926e-01,-1.671972471792551929e+00,-4.726922777235716411e-01
-1.070158463506860391e+00,2.671362964617307600e-01,3.188374033804253216e-01,-1.658774625086030907e+00,7.590129705821889727e-01,-1.112186301278558442e+00,1.559182290482351352e+00,-4.877626450061686714e-02,-1.246393498539162259e+00,-1.141986070692681432e+00
3.480952917873448293e-01,-3.912998898983776064e-01,-9.665390961814082638e-02,1.612780232697039295e+00,-6.992440642290752573e-01,5.996285769570661867e-02,1.419844487373053132e+00,2.705134754664001440e-01,-1.606602735358005907e+00,5.053890117321367947e-01
-1.163002857783444144e+00,1.406807528732965107e+00,-8.228676049979778417e-01,2.969509507745664578e+00,1.467375988327678238e+00,-7.966125696279786617e-01,2.001380500161048515e-02,7.536442816334635308e-01,7.836604742267077039e-01,4.423362599761971881e-01
1.252159036966109973e+00,-1.229689466343695248e-01,-3.667176685760331623e-01,-3.468639879246105950e-01,8.583732319721272264e-01,3.651810403026460872e-01,2.912836656902563770e-01,7.952342492571820021e-01,-2.051052407853855009e+00,3.100688238751503900e-01
2.185688888737157276e-01,1.668808081300705126e+00,-1.528587982263666989e+00,1.557186632376758029e+00,7.540912892466580808e-02,4.889895306600449687e-01,1.675918787609376626e+00,5.607612680055730214e-01,4.003682894625609223e-01,2.422911858023183984e-01
-4.834781349943769180e-01,-2.848912451039289223e-02,-7.155127661227486113e-01,-4.456689942548199695e-02,-2.335930697055096594e+00,4.290395675675486298e-01,-1.217372537836254875e-01,-3.362037366667642857e-01,2.197580839401431785e-01,-1.433563922965440662e+00
1.929269996621282512e+00,-1.027674614875996734e-01,-1.458444329721895749e-01,-9.653962101329223167e-01,2.394638244926124843e-02,1.386959890273280482e+00,1.035916209432033996e+00,8.544377511405560899e-01,5.463989516672715929e-01,-3.585425275626097363e-01
-1.450163167036701894e+00,-2.010387718666350465e-01,-2.358714645336772164e-01,1.048794439671240974e+00,3.093904424598202252e-01,1.612311527903548258e+00,1.197488540038174509e+00,-4.564956095040956785e-01,-1.795129196619868361e+00,1.385575233941481077e+00
1.359385223230744177e+00,-1.366211590902226103e+00,1.509240019827500667e+00,3.821171705925178741e-01,1.606854981256530257e-01,1.614783254247327271e+00,1.344685173230614872e+00,6.513309519952038551e-01,4.732170658119830287e-01,6.163942905303591013e-01
-4.000574338825259035e-01,-5.510144973232095067e-02,-9.023171545945426475e-01,-3.330397757389187974e-01,-3.666338786689330442e-01,-6.353053696216646173e-01,1.367465026484631085e-01,-3.239808507005771943e-01,5.022347203519739178e-01,-1.622320613293765312e+00
-1.133547941072996917e-01,1.315516401774956823e-01,-3.106292398368805663e-01,-1.723926998092312757e-01,-1.585246010729857380e+00,3.564771046694920620e-01,6.476059825670704706e-01,4.935372942037668520e-01,1.038727059442182910e+00,2.015296057825019804e-01
4.786811806509370659e-01,1.560907384568523959e-01,6.875507195924941417e-01,-1.577229636132122081e+00,-8.935809679780108983e-01,1.586899657033091104e+00,-2.460435822096205261e+00,-1.401779298253439388e-01,1.172274959608068157e+00,-9.326066554176462575e-02
-4.050110714506974796e-01,1.294216768153003960e-01,-3.531201800024465487e-01,3.084949275693915985e-02,-6.833810365201296033e-01,1.108674419955724133e+00,1.423264921065660937e+00,-1.333903221116225501e-01,-1.386489420691243257e+00,-5.238431703133952233e-01
-1.839886601029642188e-01,5.055388769032080898e-01,-1.008013223170677986e+00,-7.691623186421506775e-01,5.106761378588073885e-01,9.389088320395577725e-01,-6.215940451706841730e-01,-1.333217053950995989e+00,3.284118201287884009e+00,7.833042370887135508e-01
-2.670037617670316110e-01,8.690312755308396975e-01,-1.244566297144221040e-01,8.671568891001862900e-01,1.593931977762221841e-01,9.127189816757326490e-02,-1.135818682307886268e-01,-1.447381333463089836e+00,1.938094899393139725e+00,-9.415339202677434072e-01
-1.360023576310594562e+00,-2.128598827563673024e-01,-9.614718135105067010e-01,-5.171279056027103249e-02,6.877638485617686426e-01,9.953029005292229892e-01,8.147307216216816972e-01,-3.056320547856802849e-01,4.959182766158587441e-02,4.078790508974909357e-01
-1.757787423942072547e+00,5.705847001198596224e-01,-1.457299287583831537e+00,2.040346598906489284e+00,-4.045150846416953327e-01,-1.848751771945912337e-01,-7.697070992378554077e-01,-6.299700318556896717e-01,2.274093569143239790e+00,9.403696886232976171e-01
-1.549202445147838336e+00,1.504212900685229615e+00,1.193242275141431552e+00,-2.812124622882884450e-01,3.066969420298376048e-01,-1.494407942107424565e-02,1.972579904446932320e+00,-7.962901889920903642e-01,1.460106097757269406e-01,-4.281453309928047180e-01
-1.433040404617854202e+00,2.191638255054987106e+00,-1.181566579102412362e+00,2.201291874877759069e-01,-1.740700606380335413e+00,-3.990705392430932696e-01,4.219688214334574861e-01,-8.247339795023627129e-01,5.868018507356550506e-01,-2.690410918880824509e-01
1.160082512398613153e+00,1.361760913340223311e+00,-5.867447607300116941e-01,7.673285939295683422e-02,1.834542264722326954e-01,6.193492954346985213e-01,1.438199624426573717e-02,1.902109593428422118e-01,-2.434064747951195096e-01,1.152398669720183094e-01
1.297940193535132458e+00,6.460832412118543422e-01,7.012556394433689944e-01,7.230703241355782573e-01,-1.538087778810355022e-01,3.188270435795304003e-01,-1.085173678335744629e+00,1.268807656316957022e+00,-2.782960432343220436e+00,-8.714839233542517882e-02
1.140895977150274243e+00,-1.363867933629341556e+00,3.997799176168511104e-01,-6.807664465790268515e-01,-3.688032651888686897e-01,9.459409606394377779e-01,1.980569258851501979e-01,-2.034355867884362734e+00,-9.764255397315984020e-01,9.753357348887595757e-01
4.489427181929975808e-01,1.748135572524284420e+00,1.682647594013297221e+00,-3.422451301467918094e-01,2.503237805069488342e+00,2.447966985191075973e-02,-9.626685344090254448e-01,-6.336398659105773046e-01,-2.256725105289418831e+00,1.607019008249281011e+00
1.594761989043863570e+00,-1.015507438813320951e+00,-2.278842883819059140e-01,9.560754411257760266e-02,-9.603530521421137500e-01,-1.755102031271161600e+00,-2.103576037769118168e-01,-3.210794294592468345e-01,-3.884112409887751638e-01,2.227160626009646316e-01
1.429519658525992165e+00,-3.030927196917260757e-01,1.704429987213628428e-01,7.268705237449359924e-01,5.541429265127487680e-01,-6.144235244478419844e-01,9.637712311403587306e-02,5.475398201690533373e-01,-1.128351337510777652e+00,1.263539010796508100e+00
1.431588905214111085e+00,-7.227802554444937577e-01,1.936700183481686877e-01,6.422782566710316665e-01,-5.456141563287526530e-01,4.816138456880944552e-01,1.632556262921654178e-01,-1.467918177638800836e+00,4.591613159785580822e-01,-1.100142416271035817e+00
9.392028516620472001e-01,-6.712110751338887793e-01,-1.612854336611450612e-01,1.372278913446574933e+00,4.963816465288451996e-01,-1.079473919574545304e+00,-1.014916570799083706e+00,-5.993027886237254354e-01,3.946440833566660644e-01,3.582998149327681348e-01
-8.431023046628691731e-01,-1.167209485614359110e+00,2.815834050858342374e-01,-1.818600657901619233e-01,2.157215887447737401e+00,3.660365656307894983e-02,1.814252827700274739e+00,-1.170383598104340006e+00,-1.573212939561707158e+00,-1.120085132525534544e+00
1.189129781453466261e+00,1.756101589693533915e+00,-7.821794539526339962e-01,-4.605660297595575714e-01,-1.168980910212499724e+00,-1.811639847118387214e+00,7.184116977766297207e-01,2.230203029621631305e-01,1.048798267387544315e-02,-1.400056537163379966e+00
1.639956681828660612e+00,-5.033567380494731180e-01,5.336264248164758195e-01,-1.454561405244724437e+00,-1.905251896200373662e-01,2.913744562385838788e-01,3.270752180533075815e-01,1.546485432366250801e-01,4.945224920487725773e-01,-1.130520456032961141e+00
1.973726054396600371e-01,1.137576834802773718e-01,2.316726841950608462e-01,7.234521731918178156e-02,-1.273212773913397600e+00,-1.317799752108973710e+00,-2.214268185884551432e+00,8.175345098452976300e-01,8.276575097351986932e-01,8.435502912221203298e-01
3.067899624614517928e-01,-2.133119217718110860e+00,-1.026710491785266077e+00,1.704154175931119342e-01,1.355180027917954333e-01,-2.227482131520212016e-01,3.689172029082466997e-01,1.165170768524556588e-02,1.207704655513616859e-01,-6.390653328320161641e-01
9.820109861215902125e-01,-4.307716086803840549e-01,-1.330649083020626344e+00,-7.709990128187286240e-01,-3.484661913619803153e-01,9.940027883688467014e-01,-4.226799843479303598e-02,-1.861482189656490094e-01,-1.248663424762627372e+00,7.854825898295763054e-01
-6.519521540233856882e-01,-1.000278589413359231e-01,1.480183076881864679e+00,5.087633310493044903e-01,-1.628254047715174346e+00,-1.769510236352472177e+00,-6.431045011924604871e-02,-1.212740614874805001e+00,6.485467476329977998e-01,4.226306496497918980e-02
1.653847690238629820e-01,-7.067431816423530577e-01,1.741383655286705689e+00,2.842593728010459397e+00,-2.785847237567147250e-01,3.530392484150009502e-01,9.741734306431258650e-02,-2.596868634410686716e-01,-8.320704677327966925e-01,-1.084967987480477181e+00
-1.135597265525524202e+00,4.052400255491454550e-01,-5.196744782036353261e-01,-2.578292850140530224e+00,4.448582205983223625e-01,-3.826128246415586714e-02,1.346673001401146097e+00,3.731223970910093057e-01,-1.478673596310297267e+00,-2.229676640729981063e+00
-7.194723843379373651e-01,-6.251074206936526600e-01,9.431592010001667026e-01,-8.870932289573392818e-03,1.133688498098508912e+00,-1.324833055702634654e+00,9.652643843804480372e-01,7.209891534309195160e-01,-2.018234111431196354e+00,1.322617841260772309e+00
9.345849176635273592e-02,3.920445038685057004e-01,-8.648961124284226809e-01,1.275247012921972400e+00,-1.185852329238869851e+00,8.320920183739459741e-01,8.206074759086712245e-01,-9.741674281722221274e-01,1.983373599422574074e+00,2.315284802175192058e-01
6.538926102710241883e-01,-1.527120795335755732e+00,2.117730003008564843e+00,-1.224556940225089763e+00,1.024886432765930389e+00,-9.947717179316953873e-01,-6.189888028476826509e-01,7.887540438854471203e-01,1.027552713675157214e+00,-1.271284249114102094e+00
1.090472169056993845e+00,1.044980495133194021e+00,-9.379534088448924223e-01,1.598647593591110194e+00,-1.456857628248038106e+00,-6.247725827776153817e-01,4.790026240919887379e-01,-8.535662847026064259e-01,2.638190856793409811e-01,2.410760788032951796e-01
-1.870742699227205819e-01,8.324005385905596244e-01,-2.283607926576391722e-01,2.315410688138056505e-01,1.146471877487902580e+00,7.906862100258403858e-01,7.860172908142085690e-01,-1.149179602216780172e+00,5.247925755013217453e-01,-8.784987909695047836e-01
-1.281414979778026320e+00,-7.170634628496835861e-02,-9.042951866515898107e-01,7.906177188399772238e-01,8.145354596953241488e-01,-1.902626236431441908e+00,-8.283025395768900401e-01,-1.459786671917998824e+00,-4.626292765928906592e-01,4.551756698688243508e-01
-2.422880981783883114e-01,-5.897592406671353649e-01,1.300176526813139333e+00,-2.304857172596288528e+00,1.236871893518224796e+00,-5.442882931554856585e-01,-7.810901011278953421e-02,-5.273633377201085715e-01,1.542888105539118371e+00,-1.230978496805259503e+00
1.173636972193584788e-02,5.274386518599967211e-01,-1.611002767885167497e+00,-9.198981704461536291e-01,-1.481785334982291258e-01,-8.866650346843747421e-01,-8.155917712191499414e-01,-3.498626630764374301e-01,6.495813316461731546e-01,-3.427177768781444200e-01
1.078426194472946520e+00,-9.977577826593547750e-01,-1.251922260473452564e+00,1.926345405721133996e+00,-6.579581276655113165e-01,-1.310912007072159824e+00,-1.742053941771830372e+00,1.075103453808939014e+00,-3.413045146600592328e-01,-2.537097350663984896e-01
-1.592017115866395938e-01,1.012942884669781218e+00,-1.795298339759203998e-01,2.344053778832626111e+00,1.337605740542292254e-01,1.061784766958321136e+00,8.052398579044067750e-01,-3.644732025803770759e-02,-5.869709860204632701e-01,3.319639285665536566e-01
5.100987312072730040e-01,-5.725860481265272472e-01,1.663388659506558342e-01,1.236204978259596077e+00,2.069947739069678772e+00,8.543693203494213684e-01,1.862759686380282220e+00,-6.293742112064557581e-01,7.018822520592938874e-01,1.338519508581272222e+00
-8.963333329719959108e-01,-4.855901120450092368e-01,1.737904761835250111e+00,-9.750988557869398887e-01,-1.341130032655710735e+00,1.527981573639511259e+00,1.196763224980438522e+00,4.321202439837694143e-01,-4.571075464582749492e-02,-4.385245056049819623e-01
2.819488738090511482e-01,1.579806957401549861e+00,2.385661261420760071e-01,2.166959267246965748e+00,-8.979419856402304223e-01,-1.968075432826937171e-02,-3.730586676639155441e-01,-1.085141543162332800e+00,-1.530837330096554427e-01,4.173293016604396333e-01
5.242301799520300287e-01,2.170452178944556110e+00,4.644674697235597338e-01,1.150136803679616015e+00,6.609424629897590886e-02,1.678055600452595275e+00,2.398449285588069468e+00,5.310851309759497818e-01,-9.926590154515813058e-01,-5.488050227771683609e-01
2.819343032051621067e-01,4.564980352506458616e-01,6.984251343843719262e-01,4.601976812300410113e-01,6.984916255938689381e-03,-6.361984412021286506e-01,4.011382612642294676e-01,1.854987357480656573e+00,1.019928605427754764e+00,5.347039496361980504e-01
1.029566923822751168e+00,-3.710640289008524939e-01,-5.082651460833204071e-01,-7.477851043659818897e-01,-1.252866227694379164e-01,-4.220058967090801749e-01,1.208274740652139245e+00,-4.753234176821888868e-01,-8.027217162249163929e-01,1.942577178830631635e+00
-4.513752310813435864e-01,1.535284572503509692e-01,4.513228247434116214e-01,-1.136693118920815149e+00,1.235483769503069151e+00,6.371190404112275774e-01,1.558384011880781683e+00,-6.792219372181003134e-01,9.912579247616001843e-02,3.935575499419535078e-02
2.638884943500218183e-01,-1.454614748577160999e+00,1.108363786922223898e-01,-1.426463911423745179e+00,3.583340711969213999e-01,-2.128649124518519731e+00,-1.851586834290586570e+00,8.185487164399983806e-01,-5.468384551947826910e-01,-9.878580736322408740e-01
1.270845621075548104e+00,3.276262173284149593e-01,8.720901955337837519e-01,-1.662420723208304640e-01,2.679628693900002911e+00,-6.045138605597950576e-01,1.744495549359888154e+00,-6.136604009991286635e-02,-1.654510394912745985e+00,4.828487457481085987e-01
3.147625614551636808e-01,-1.051321814239229768e+00,-9.222192771347147433e-01,-2.469764308499223029e-02,3.497478152479815416e-01,-2.470663282879400846e+00,1.053121452523802848e+00,-4.944979738149775095e-01,-1.331747484398176251e+00,9.410665514519307440e-01
-2.361797941845632243e-02,1.216165776782254238e+00,4.379522629797554800e-01,-1.514502948046054240e-03,-1.527299449801561293e-01,4.827127605561378210e-01,-4.135312588093302266e-01,-8.525725887464994379e-01,6.099091226546439204e-01,-1.444878414444294157e-01
3.356764806900608411e-02,1.089379836154607650e+00,-1.138766077357409590e-01,1.503392554179055172e-02,-5.996495114509319269e-01,4.307399339818507866e-01,3.498279126800880046e-01,9.007751317905579036e-01,-5.791288370068761182e-01,-4.578169695901856961e-01
7.921373991454693231e-01,2.522130033628633972e-01,-9.062181261926945952e-01,1.306554067734500668e+00,-1.698450568400250882e+00,7.842847532637517993e-01,-1.265212035998196649e+00,1.885788516485527033e+00,-1.544599726905623305e+00,1.152250651872748444e+00
-8.163436001124396713e-02,-3.666025698387440079e-01,1.853966564677612949e-01,6.319003391578129625e-01,-9.044005023308695490e-01,-8.157877251685722308e-01,6.496048651128858431e-01,-1.707342953649599870e+00,-5.842290931920853803e-01,3.040686954159440791e+00
-9.680129645892808776e-01,1.147802791759752639e+00,-5.859507687138121312e-01,5.090451447971439114e-01,6.543556905962174541e-01,1.128956735182947480e+00,-2.002538268127756760e-01,1.988884638754853107e+00,-5.893365645851803558e-01,2.342204135995600012e-01
2.452769322176075184e-01,-1.121968119949415366e+00,-2.858722549791206102e-01,1.615134992384073265e-01,-4.321210431294197352e-01,2.440923965456534894e+00,-8.386236735995307168e-01,1.179424468140427784e+00,8.564598131487864974e-01,-1.386213450427135549e-02
-8.652090538522468899e-01,-7.682553203917700246e-01,-5.179672992165097467e-01,-1.785741281946263026e+00,-1.003465425799290545e+00,-1.482476515363642555e+00,1.345875003177716689e+00,6.184623923882185403e-01,7.859740988654604354e-01,5.888319515419476735e-01
1.669676233341631788e-01,1.460680332129137060e+00,-6.107626557317372695e-01,1.066696553670448827e-01,7.470588278241231395e-01,-1.321209231856129040e+00,3.096588896142549174e+00,2.856576277758612545e-02,1.419894505755927294e-01,1.256878031674921736e+00
9.149553330102238036e-01,3.807801939645912709e-02,1.301294380980420051e-01,-1.504148530947978957e+00,-5.564657778499761953e-01,5.172102161589602343e-01,4.438928390428866222e-01,1.221165750004086892e+00,-1.205010582233246169e-01,-1.387286513430866286e+00
1.056730430775677965e+00,1.436089346182015891e+00,8.982445728562293841e-01,-1.636336708574913923e-01,1.044386051876579069e+00,3.428910478008213580e+00,1.151523144404756616e-01,-1.311736692245124569e+00,-5.862850495521519933e-01,6.254760003040509275e-01
-1.604804310898062747e+00,1.694030749120695178e-01,3.803366503158828182e-01,1.535121739812651986e+00,1.310194856054300416e+00,8.645847917517710535e-01,-2.162679010514529487e+00,9.210531280479251626e-01,7.055133860602463836e-01,2.559443770783464966e-01
-1.730222126145485539e+00,-7.767739091870603518e-01,-1.166822769534066273e+00,-2.015008439507090632e+00,-2.915151414794514215e-03,-7.978221214427796415e-01,2.625305580268911587e+00,-1.687719394379095517e-01,1.293753155865960291e+00,-1.569099024693224598e+00
-5.300895860048697728e-01,9.689787603431458674e-02,-9.081539486076704026e-01,-4.222006848047443195e-01,-2.179509062435387168e-01,-2.339079854448944396e-01,1.855118573035346330e+00,3.782262854315101563e-01,4.795105629413032866e-01,5.396547743450704759e-01
6.126263773371125598e-01,-8.288698387486535812e-02,-3.207463714788462150e-01,1.668160595182774653e-01,1.156803948913472713e+00,1.126238188436383680e+00,-2.403984756884111340e-01,7.678436946681114206e-01,-1.945846630396678156e-01,3.387054943524423628e-02
-4.735233815541973756e-01,-1.816451389062334887e-01,1.341330069549680148e+00,9.242114733923628700e-02,1.352825085523179094e-01,-1.447217779257958359e+00,-3.092439076327296310e-01,-2.413149037447286926e-01,-8.291434854434051038e-01,2.166541170356351895e-02
-4.291822902276543061e-01,7.999585524358215904e-02,1.215030098189344154e-01,-9.557543578226443959e-01,-3.987017824831893820e-01,7.737428276083356538e-02,1.184299431156725424e+00,2.567191727957405245e-01,-6.619351799174276740e-01,3.990047592438523139e-01
1.707548889321760521e+00,9.167064725890186061e-01,5.475265304356201623e-01,7.255901754823215200e-01,1.439954041428630704e+00,1.075626794017660037e+00,5.667603811176578077e-01,1.068642219590084874e+00,-1.081651096264060863e+00,-1.502265252340281076e+00
1.570986506438301344e-01,6.868070965053836574e-02,-5.439100535132576075e-01,8.258526698277095512e-01,-1.862863586451235953e+00,-5.347722560578037632e-01,-4.849555448776149413e-01,-1.636301785099459449e+00,1.494731007269304079e+00,-1.359201268663323026e+00
-5.883400573076859041e-01,9.079797578051338469e-01,6.460453434287315444e-01,-1.108174696484746535e+00,6.824892092606364979e-01,2.897844786582218224e-01,2.333035562111467343e+00,4.039404160683044420e-01,-1.412418210685317810e-01,-8.565019571194226744e-01
-7.442433669555712505e-01,-8.257690954681581319e-01,1.371098813911922010e+00,1.796991501647062298e-02,5.652471239747299814e-01,1.514247599980887093e+00,-2.358464142207465031e+00,1.278873764700374949e+00,5.539691178333414762e-02,4.350483716404443535e-01
-8.284032217482512062e-01,-7.551243984485184191e-01,4.888458898129878771e-01,2.384597800331469397e+00,1.003313312814901437e+00,1.265522921418540392e+00,-1.920012702614198596e-01,-6.002042245856281655e-01,-7.808049515789934336e-01,-4.882737246966880051e-01
-2.052782433170525334e+00,-7.249193428916018700e-01,-5.603531560598431494e-01,-1.753581743948410265e-01,1.317501097472917326e-01,3.624508686256106005e-01,-1.492537244296009147e-02,-5.814430863427569873e-01,-1.963358643265520564e+00,-5.753086084017933199e-01
-9.724506376870051261e-01,4.660667482786037819e-01,9.092873966936938501e-01,9.385710670599392014e-01,7.569527361278201028e-01,-1.335257354524882201e-01,-5.219555654758967211e-01,-7.471027536670662439e-01,-1.507498916601750505e+00,9.918537005078577051e-01
-1.747110379299744165e-01,-1.246340293620873840e+00,-8.264913757102346770e-01,-8.669734564325521919e-01,4.302448501512676909e-02,1.067467851070685869e+00,-3.479895495955831475e-01,-2.252533514783649160e+00,-1.891803351589201043e-01,-1.561939000971957203e-01
-2.249202309355217144e-01,-6.274611664757017149e-01,2.174390807258423652e-01,6.614111514900174182e-02,-2.483031412664709822e-02,4.126413614429657040e-01,-4.298328231478535377e-01,-4.865856697006532561e-01,1.380123289585399871e+00,5.593554097154360694e-01
8.269460609427996545e-01,1.226104585334068409e+00,5.259441806248000839e-01,9.283886791361710689e-01,-1.579345162070260322e+00,2.041538719960271364e-01,-1.827184618143275208e-01,1.677684090899809410e+00,9.276455318033000053e-01,-6.304451907931798438e-01
3.727941585292058879e-01,1.676813334492398000e-01,4.543314331522286809e-01,-1.018842469374651838e+00,3.600164652382252806e-01,-2.281513492882343286e-01,2.824497640556004607e-01,-7.243851651221697718e-01,-5.850631713965994685e-01,1.173842020366702599e+00
-1.051547558340161004e+00,-9.777544010420484710e-01,-5.158125721557803994e-02,-7.718903751859546025e-01,-8.850286322627987090e-01,1.050759712082949826e-01,-1.505065856903704757e+00,-1.007962234913637900e+00,2.054095582923643359e+00,4.594750589690090870e-01
-7.465633522699111069e-01,4.182150782661970823e-01,5.673304769866295283e-01,9.944144200902383934e-01,-1.271560294567304350e-01,9.764977027728892756e-01,-2.038446524882172817e+00,-1.056308130475753115e+00,1.638714017364557296e-01,3.296335328077915072e-01
-9.117822876686417777e-01,2.594199912631591221e-01,-6.238402486872604014e-01,-2.769590942271656364e-01,1.024773800665010892e+00,9.089374968885997053e-01,-9.970603273632624441e-01,-1.057251462020103450e+00,-4.111733955533162788e-01,-2.674630117292513265e-02
-6.578984885747408695e-01,1.040642442799667888e+00,3.473898417085552470e-01,4.060851098744290288e-01,-1.266538828944971717e+00,1.167290717383779874e+00,-2.820168822240690876e+00,8.340554518493689118e-01,9.343117376707711363e-01,-4.324011872779615628e-01
1.272910217247423814e+00,-6.309755295434643640e-02,6.243170332744293893e-02,3.395287874042162701e-01,3.186574911811054900e+00,1.344433908083004336e+00,7.011312007129180124e-01,-9.128044866011949532e-01,1.435898254794921725e-01,-8.131240938463865087e-01
8.221108472828129177e-01,1.404669757348567527e-01,-1.124521679613895264e+00,8.112458341850291299e-02,-8.494174697163054955e-01,1.512162213375470299e-01,-8.590773163652565270e-01,2.748763336081279721e-02,7.504698619350947952e-01,-5.305199192510610950e-02
-3.908882671723887259e-01,2.032762210574625694e-01,6.971826207928529806e-01,-1.107183269881760523e+00,2.606561547052025918e-01,1.317540819017399834e+00,5.736569632767152260e-01,5.775414666722785556e-02,6.397375066988947312e-01,4.524964561026824095e-01
7.536011091598140421e-01,-2.023931610982944385e+00,-1.553456133663265293e+00,1.004829149483237094e+00,-1.505279176161440580e+00,4.015386357192050615e-01,-3.520496560322916579e-01,-9.961892455959968640e-01,3.496497571474735944e-01,2.010335037165706384e-01
2.110342652096377503e+00,-6.248112045358892308e-01,1.440110120069173716e+00,3.524229143843145007e-01,-6.610218815427123529e-01,7.992464575172452124e-01,5.657385044539512409e-01,3.584329485804923360e-02,2.662953564406234652e-01,-5.969870310455316353e-01
-8.257871252545068153e-01,7.594421738225829444e-01,-2.239394243132740159e-01,-8.008299824909248521e-02,2.798215959442771350e-01,2.652883447838081388e-01,-1.429326470974064733e+00,1.286252086454858778e+00,1.211821519006782977e-01,-2.026532628221493770e-01
4.308460051697466930e-01,2.365421936148630611e-01,7.670626894897021320e-01,5.379836721509411168e-01,7.178462289962667109e-01,1.350993905727515987e+00,8.836245489709719791e-01,-1.604862203285626343e-01,-1.122901156076832718e+00,1.667797933004514954e+00
-2.377233733471126875e-01,-4.731074133605223109e-01,-1.736726817764439268e+00,3.384731053121114441e-01,1.488866039537701524e-01,-1.515114936249480682e+00,4.532740421331757918e-01,-4.981919207014390283e-01,2.690315007288693661e+00,-5.693611920908682178e-01
-4.351933321977932145e-01,-8.747762242543677402e-01,1.277876521041972024e+00,-3.727757944647531185e-01,-7.249141537654967271e-01,7.069550099205424987e-01,-1.380352935413185156e+00,6.251105462489473519e-01,1.781399716600857719e+00,5.666078328350889759e-01
6.378983162599248802e-01,8.700602169074838077e-01,1.709708028675518632e+00,1.209893960019104320e+00,4.396697222730236998e-01,9.038914006360013742e-01,-8.859349254651106564e-01,7.762935907473220709e-01,-1.005555971183747621e+00,-3.670224186316266568e-01
-3.082562175143237493e+00,4.014296593674620550e-01,-6.438720111083526820e-01,1.111145215204462522e+00,3.901926106054027787e-01,1.124095894701625298e+00,-1.083596544672537743e+00,1.038386037159632735e+00,2.105856344363326915e+00,7.641582999318943248e-01
7.903490086922888569e-01,1.695976763949350041e-01,-5.246687805653642567e-01,7.611923727015086349e-01,-1.506082910402068320e+00,-4.177551249208164008e-01,-1.771056802337182212e+00,-7.036563773150829038e-01,6.420450918935611817e-01,5.053933762204632085e-01
5.091369553547269583e-02,1.704009940620107022e-01,-1.885864617864209336e+00,-3.725622805709148944e-01,-6.813516064352099777e-01,-6.590596905145408302e-01,5.995786278137533731e-01,-8.605073265053104770e-01,-6.046808501274109071e-01,-2.087069245709516352e+00
-2.941231803761695796e-01,-1.087837547713619735e+00,7.920292868964361188e-02,-9.511080467424646301e-01,1.045422455492162062e-01,-1.446857607423431835e-01,1.672041773042320711e+00,4.972179804531937086e-01,-1.839637872562303045e+00,-1.264888844102708410e+00
5.520800899233323233e-02,-9.298479483926507250e-01,-2.968368430235852173e+00,1.349546313833743350e+00,7.202240169054077157e-01,5.209768734917715749e-01,-6.073230454709150905e-01,4.276767710099296238e-01,-7.043603242208815729e-01,2.048573002176907742e-01
-9.205832258364774479e-01,1.516288450556014133e+00,-1.570236654081844652e+00,1.232283829510831152e+00,3.891582801733029645e-02,-4.894669953419907849e-01,1.670029216957383267e-01,7.333480071781809384e-01,1.366746736694397057e+00,3.131430231335321501e-01
-8.906960852622772817e-01,5.563012376578854723e-02,1.816793236662372690e+00,1.347678085512624024e+00,9.087634781243586479e-01,7.956870201223866790e-01,6.994500906065418411e-01,1.158754834509869935e+00,-4.566287857219052393e-01,-1.355086065775006121e+00
6.900350073706137954e-02,-8.175815867776909940e-01,-1.055020755377184427e+00,-7.202785765879318181e-01,2.485313924533686158e+00,1.361246340758441864e-01,3.619078363609881666e-01,-1.222362807004254037e+00,-1.843752958792629792e+00,-8.190526431188058787e-01
1.438195585208748239e+00,3.342754660765210883e-01,5.985950914443921578e-01,7.385660392020614307e-01,-5.913493797982777300e-01,1.387965583973367556e+00,-6.328075992221822155e-01,1.406232359262552967e+00,4.423021561353406295e-01,-1.789045154246322156e+00
-7.480094866005350118e-01,-1.784938532872104577e+00,1.163282132794208668e+00,-2.473542080240107022e-02,-2.228342439949780207e+00,3.757468817196583655e-01,-5.371642623883200462e-01,-1.483805855033323295e+00,1.677965836968697166e+00,1.072858660965786970e-01
-2.934314023133125504e-01,-3.994247809860170251e-01,-1.513279469157772228e+00,-1.304548899584109467e+00,1.284916784875083318e+00,-4.738828697857190853e-01,2.206770093686349909e-02,-2.044330476201074553e+00,-1.318092035795505712e+00,6.098125198747528231e-01
3.777117601138336167e-01,1.753375198724315576e+00,1.342956331631226297e+00,-2.307109724848230847e-01,4.729535647132709908e-01,-3.166034429030739616e-01,2.054809818638648533e+00,1.149014696052399698e+00,1.696850908577512695e-01,2.003947848763514006e-01
1.444850287259807908e+00,5.795778471138471888e-01,1.558628017070085914e+00,-2.193647926258873504e+00,4.612282614987981977e-01,-5.154348646813849966e-01,1.756377987627992354e+00,1.546398687189829202e+00,3.283580910130666497e-02,1.535630978811031611e+00
1.783114519992506031e+00,7.440667192614730530e-02,2.471933772431857523e+00,-3.134115266972246905e-02,-2.145209503359088998e-01,8.658725885843433501e-01,-3.537907311423138523e-01,8.533977579489383791e-02,1.409434424050909795e+00,1.921885221727032828e-02
-1.695017792975307636e+00,3.673193878491966546e-01,-6.962935790523947510e-01,8.652711572945459562e-01,6.961897158262456697e-01,1.471400348166522098e+00,9.075323007926968666e-01,1.090244283658064806e+00,-6.690967601377133533e-01,8.039864958905025283e-01
1.968451289360290346e+00,-6.886499086367672273e-01,1.799738291727098094e+00,-5.493500912013304927e-01,-8.519712450499742351e-01,2.962004433548380833e-01,7.159104161288094570e-01,9.117501239722649586e-01,-9.617624207732018426e-01,4.345400972542903251e-01
-6.855545714835051818e-01,-1.488922256070576600e+00,-9.287363155327846842e-01,-7.509003659558182164e-01,5.215951603525071922e-01,1.152213663068668570e+00,-1.473206629875266627e+00,3.519610742080556687e-01,-1.176698185770906457e+00,6.290854090140003407e-01
-6.227305810037478961e-01,-1.051329018023278827e+00,7.996645153475747669e-01,-5.869226054450948915e-01,-3.159639513526982801e-01,-2.219989087556376361e+00,9.465513614234737361e-01,8.209085211691071748e-01,5.457844281313952058e-03,-1.527580941355759059e+00
1.209369178334763095e+00,-6.662633863607911877e-01,-4.533534501005881956e-01,2.312044056359531030e+00,-7.036364441092296529e-01,7.422099624265003914e-01,5.620922620826175331e-01,3.901721928800851447e-01,2.820005425545109023e-01,3.763885618891993357e-01
2.719405909405403499e-01,-5.191835877606092164e-02,1.511283124110742282e+00,-1.312660560799278286e+00,1.021458104015376511e+00,8.223422986875515983e-01,6.983991213294011846e-01,1.116979427640128586e+00,-9.259939526839296164e-02,-1.868974075826876691e+00
-7.229265971448582684e-02,-9.911942176245543967e-01,-7.318592098580638527e-01,-1.242419673832411808e+00,-4.773448584438343967e-01,-5.966236939834491659e-01,-2.377569829927102418e+00,7.002219112822891667e-01,2.220321858004882021e+00,6.062371934962886844e-01
-2.029239565342277618e-01,-5.474639567621555208e-02,-4.209858680131760567e-01,9.004158386695831906e-02,-3.700809407323362582e-02,-8.410484303982944665e-01,1.682888388947831437e+00,-1.487154235709770900e+00,7.183315431942461915e-01,-1.011976273175318741e-01
1.900831815065744834e+00,3.408645992482213782e-01,-3.599055371832482475e-01,-2.477071984344973166e-01,3.990669451976115029e-02,-1.142790694996400847e+00,-7.668695251179117323e-01,-1.784943969191857605e+00,-9.229768983740939126e-01,9.390648166044979206e-02
3.001750492845209894e-01,-1.979329694996401878e+00,-1.372117030442004670e-01,5.634099508221322994e-01,-1.629121933762352759e-01,-6.337886457778003635e-01,-4.121611450482138839e-01,-5.407633549772220549e-01,-6.367305591080572036e-01,1.738235252448483703e-01
2.307688227735451125e+00,-7.436999169051833336e-01,-3.181426326614268940e-01,-5.169793937523164962e-02,-6.873544343582935756e-01,1.098235803523426535e+00,-2.370885373306438115e+00,-5.310591703786756712e-01,8.183137363199619596e-01,-2.940943083886337628e-01
-8.208389588502913448e-01,4.407567544387641645e-01,9.063432353971520028e-01,2.106354452150583922e-01,-8.012203598128833093e-01,4.562033191517432806e-01,-4.020493002747899114e-01,7.451868818938277572e-01,1.483258884856590853e+00,-2.605576755688532753e+00
1.110674731956326627e-01,-1.735733936947627232e+00,2.441788585329770722e+00,-4.681245337961904562e-01,7.463732418253723466e-01,-3.531685959489571508e-02,-8.030845807190595265e-01,-9.220530471774267545e-01,1.585679173100758899e+00,9.559380601783107334e-01
1.943584087377563163e+00,5.545333515769915872e-02,2.879196212460002902e-01,-2.671915656552881768e-01,-2.870822031150092046e-01,-1.041886932477368299e+00,8.401019092435126068e-02,-7.892465948861970837e-01,4.419089221642026888e-01,1.700102189802096819e-01
2.876820436757221988e-01,1.675129939690225944e+00,-3.771794976559117440e-02,7.567270028534281989e-01,2.051509464085581325e+00,1.306617069295047617e+00,1.153169698454844738e+00,-3.066882155205000182e-01,2.296430555677967666e-01,-1.318276292029941787e+00
4.989144009644145283e-01,2.744601776138416160e-01,2.338512515618109897e-02,1.027194788242860035e+00,-1.207774822424396488e+00,1.634862851160347130e+00,9.017646879402838600e-01,-7.063397965197407147e-02,-1.487295878173935937e-01,4.806112152485943478e-01
1.520851232063779479e+00,1.016077186900107704e-01,1.440309019792262168e-01,1.811847762587133481e-02,1.782024112701472651e+00,-3.688831029370238657e-01,-2.950759861907126594e-02,1.463435654260994534e+00,1.470108336128635451e-01,1.137058860045522257e+00
-9.112800569029585462e-01,-2.052925216285141075e-01,1.484434038440228587e+00,-6.763397157635454571e-01,-1.512990397697074052e-01,2.566852308914786551e-01,-9.891545179929867038e-01,-4.138101186218970939e-01,1.126366818256403779e-01,4.668173416196121084e-02
1.280352020837135729e+00,1.541457194832253519e+00,-8.560848720009113233e-01,1.112685191674894492e-01,6.742483084247655745e-01,1.516347465799197325e+00,7.184902973171294338e-01,2.909134015923316996e-01,6.665425319826306927e-01,6.737688343362597809e-01
-9.277142922843684136e-01,1.927987925062688013e-01,1.459160994188691385e+00,-2.073567686940046562e-01,1.294466425474442295e-01,-2.425164495260219433e-01,-2.313859495606874983e+00,2.059017723467914188e-02,3.017919306528726864e-01,-5.124933908809019556e-01
-1.154636948884728120e+00,-8.806064597816493089e-01,7.641876161355641850e-01,1.972524773046905100e+00,1.382433340905432795e+00,-1.344346004830551777e+00,8.546273105507028456e-01,-6.631623758092900500e-01,-5.822670625087771334e-01,-4.619755979712840133e-01
7.060669498554303924e-01,9.592533764490381865e-01,-9.803107127978798185e-02,-8.107074100802476313e-02,4.642637432357930583e-01,5.679945395242418371e-01,1.176225706758529110e+00,-1.284371975509198682e+00,2.002733980403000047e-02,-1.068024375891177602e+00
-5.094227906340305367e-02,-2.261752876807609225e-01,-4.674945390270229123e-02,-7.997428881105317355e-01,-1.487289793207428712e+00,-2.094437526714902909e+00,-1.311801542648404484e-01,-4.310011058329391020e-01,-6.759376648038271096e-01,1.322548462831660832e+00
-8.594381867953109211e-01,1.416834082138802797e+00,1.623843744269257039e+00,-1.950900466789381005e+00,9.238145899896975377e-02,-3.996964908359907920e-01,-2.911803944717265669e+00,-1.444641253068414288e+00,7.749361071084742703e-01,2.019199252711264325e+00
9.026781426992483981e-01,3.236324725129776092e-01,-2.133238163108750612e-02,1.682662914648113794e+00,2.148239201957640621e+00,-5.868426795241861171e-01,-1.999986560310291095e+00,-2.098187463271201647e+00,1.321880992159802037e+00,-4.705854077438651611e-02
1.832419104587185155e-01,-1.790650992956713150e+00,-7.531889127884663360e-01,-2.954808139007822909e-01,2.078383833640706224e-01,-3.985920389137589948e-01,-1.037326198301342650e+00,-7.845669926025229390e-01,1.208323285947232817e+00,2.447846196034997590e-01
6.121568069555516356e-01,-8.988738108773296487e-01,-2.953823485400624449e+00,-5.231043068844963839e-01,-8.665705544254965753e-01,3.490122686280793252e-01,3.285723713681842018e+00,6.951660176182558049e-01,2.735960159383488577e+00,5.687696953394486554e-01
-6.298862375727151131e-01,3.479160781208833764e-01,1.780638599477708084e+00,1.829562596321239187e+00,-5.753373680430791115e-01,2.531836956992989385e-01,-1.429266879671145185e+00,8.246686246914297636e-01,1.553354699055894406e+00,3.979945411601615995e-02
-6.673840543601281539e-01,3.601309512775626720e-01,4.174590313631659777e-01,8.114383184962019324e-02,1.787151243359529351e-01,-1.738148504693709240e-01,9.959549282264059666e-01,7.362274451651269480e-01,-9.831031471441492586e-01,-1.010590603158594725e+00
-2.543744170265619942e-01,7.368371241051792087e-01,1.480574138908146431e-01,-6.431504101226552805e-01,2.615185967258301658e-01,-3.308105195222719730e-01,8.804864602241313509e-01,3.330584350670474092e-01,-3.152781874521438099e-01,2.315187720464615406e-01
1.315048059524201562e+00,-5.696300765463775395e-01,4.026569816471609609e-01,-7.046034046599580769e-02,4.269836838620996722e-01,-6.545649415957304207e-01,1.103354331593758147e-01,1.107823282416800836e+00,-9.370069812461073733e-01,-1.329405103325081772e+00
-1.291455564486964303e+00,-1.170662530200188955e+00,5.953232878926641991e-01,-1.405859685865465503e+00,-2.978953447435307433e-01,6.182893033107079717e-01,4.166590605485936405e-01,-3.855589799624851155e-01,1.909237317551059632e-01,1.071453297375683095e-01
-2.242409555481862937e-01,-2.108347186545802276e-01,2.235427434756960707e+00,8.093109039313007846e-01,2.480650917512142950e+00,-4.969631329205013159e-01,-8.496659688814740818e-02,-1.332125765276647389e+00,-8.095668020895723238e-01,1.901913148662500941e+00
-5.220342898417563715e-01,1.919281300144459301e+00,-1.243362260679890419e+00,-1.053469034073276855e+00,-3.412312210234211274e-01,-6.374992167917786778e-02,9.230872924501295484e-01,4.507704171862659259e-01,-4.163152573440277449e-01,-1.333158065181062613e-01
-3.190629197847000831e-01,-9.146537353257297998e-01,-8.879629366016216219e-01,1.027883891433409635e+00,-1.828164927927139916e+00,1.617358697445054672e+00,-3.429942256022319724e-01,-7.725086063921601243e-01,7.397592906972692006e-01,1.485216584147117214e+00
1.117632441603957361e+00,5.018520493598908061e-01,1.086863489721835885e+00,-1.716497577143865971e+00,-5.218305414881482251e-01,-9.111700600248445747e-01,1.224638731215175191e+00,-3.834780189238867210e-01,8.454065567820554516e-01,5.358569424886379107e-01
-8.623069361636810370e-01,-5.869582099762844507e-01,1.293817690814725863e+00,-7.754826486844134115e-01,1.248676101954789702e-01,-7.825412863264450403e-01,-3.139521869158606870e-01,-4.616194396997189836e-02,-7.828665102974913248e-01,-9.604469539838815795e-01
2.862733367774423776e-01,-8.447374087911762031e-01,-8.106575556986725939e-01,-9.390531437019706829e-01,-7.790804633131841184e-02,9.437016343998412271e-01,1.506528636312266745e+00,-7.259180859937786057e-01,2.150310793331211112e+00,-1.004704860706795877e+00
1.083548523327869662e+00,-7.216964540154425789e-01,-8.709232698700103414e-01,-7.447561567843886676e-01,-5.244769964911913385e-02,5.799721710336103175e-01,6.698680379048219669e-01,-9.439850153478882566e-01,-9.896592875112686372e-01,-9.166386933635470857e-01
-1.113544023855112530e-01,-2.101556041908746175e-01,-9.501754620697949738e-01,2.696036940632441370e-01,2.262568808335318149e+00,-5.047154618351513689e-01,-4.335118212035334317e-01,5.596615703243686957e-01,-5.588162917367949234e-01,6.689644817181823466e-01
-7.185427067790403077e-01,1.832119607577301190e+00,3.447749725922945041e-01,-6.200229490767115159e-01,-5.886916994692740213e-01,-5.137997527080349069e-01,1.372749666248873401e+00,-1.268751007601283343e+00,-6.679416704595046994e-01,-5.616605569254260466e-01
-1.568796675693795092e-02,-2.711096926467944646e-01,-1.491227831390462777e+00,-3.998226835954675762e-01,-9.955068318496844426e-02,-6.280978350797833398e-01,6.867754890476648333e-01,9.194084287536471445e-01,-7.838669972939289743e-02,2.305415868507293131e-01
-2.161055997349270896e+00,-4.211027721618317843e-01,1.004821691757912694e+00,-4.234365831792775703e-01,-7.372616763919609406e-01,2.277688926030930983e+00,1.819077190195805160e+00,4.675749124821571012e-01,1.138910611480047574e+00,-2.225935417958077700e+00
-7.875514406287065228e-01,-4.699578731731514636e-01,-2.359800988669462085e-01,-4.899440209739625018e-01,-2.550026291516346522e+00,3.860246187085598080e-01,5.436541282806067743e-01,1.601898791589981386e+00,-7.883092647749634363e-01,-8.701631577799021633e-01
-2.679984485964468810e+00,-2.935668365908861710e-01,9.011117810621716018e-01,-6.117678621927193916e-01,2.143444818543648100e+00,-2.565948357895235232e-01,1.469922842885555969e-01,-1.363103080581593796e+00,2.872203451752794456e-01,-1.979319794852695269e+00
6.936979550131449068e-01,7.244281762354122245e-01,1.359291424336510179e+00,-1.019968718767688687e+00,1.605621182974192596e-01,5.638165593865041014e-01,4.422816383303098675e-01,-8.652992751348512757e-01,-2.391981889556140217e+00,3.469602968844811564e-01
-1.524996783099194231e-01,-5.666705929614402892e-01,7.639453637154661747e-01,-4.491953815443313486e-02,-1.319195052767799359e+00,-1.931452289096221575e+00,-1.128963265133165361e+00,2.393012294766786674e+00,7.227767739327729535e-01,1.886123419750117824e-01
-1.816609271858047325e-01,-2.473929399474357471e-01,1.167195983359094802e+00,-4.905957419034315814e-01,5.769204106842926727e-01,-3.484279502915940685e-01,1.940156631835062484e+00,7.422885075783036690e-01,1.245556814683625557e+00,-5.844097746882387368e-01
1.058136112567421794e+00,-3.125774253946907444e-01,1.100348239328492461e-01,1.635047670619458327e+00,-1.042775056756419128e+00,2.032477313054003587e-01,4.380052585187268477e-01,5.200043808008099067e-01,-4.507844930934654104e-01,2.086264100808081334e+00
-1.294931885340260269e+00,1.458885388632469304e+00,1.215065605591638676e+00,1.900888789603684792e+00,-1.588227098707820195e+00,-8.688314878897103188e-01,1.491943059161640717e+00,-1.877039154630308904e+00,-1.606458901040413778e+00,-4.883077867114917758e-01
1.919937886222675416e-01,1.592225073648774858e+00,-1.852659149303581554e-01,-6.082391480645392701e-01,3.113899376964271437e-01,4.695964832944008460e-01,4.412398221702711898e-01,-1.779862079513450657e-01,-1.955086113918149682e+00,-9.176159891063321306e-01
1.420271085267462263e+00,1.870689379765998472e-01,-3.225221191070567484e-01,1.118168548373974724e+00,-1.130116632368948437e+00,-2.253481337130076867e-01,1.377584051740372295e-01,-4.413775032946291588e-01,1.007628229015987698e-01,-1.876939314217652144e-01
-1.399343047785875038e+00,1.814778818790559467e-01,-1.328351791512867530e+00,1.656151250967222155e-01,1.374135824150109375e+00,-2.810231972760544039e-01,-1.171483129970986248e+00,-1.269878132049804542e-01,-8.319711080785313628e-01,5.945090026314695519e-01
-1.479887475228535698e-01,1.709763251664573325e+00,1.162989595677338173e+00,-1.530805044814027294e-01,7.156090679730907622e-01,-3.932364091628454128e-01,3.395688516516826017e-02,-3.614341963503122646e-01,7.664559598497087123e-01,1.432988276709578068e+00
7.986482071911433778e-01,9.219366012853558168e-01,9.230334372357292816e-01,5.512559223347098802e-01,-1.139286159210267879e+00,1.700971519416499822e+00,1.804410826698424897e+00,-2.338796033133684060e-01,-3.706979152161818947e-01,6.124116529153750266e-01
5.508128351835048786e-01,-2.019460687530187926e-01,-1.250025655587604145e+00,3.057011907497770853e-01,5.514365381755452766e-01,7.258211480387972703e-01,3.492927723542075258e-01,-2.711151483619093638e-01,9.940020395062781899e-01,6.584849756591833192e-02
-4.649230143647206104e-01,-1.806533820457210116e-01,-1.745969032474981919e+00,-1.822418241785388471e-01,6.884365198746685843e-01,3.397830221392301175e-01,1.520664172981186057e+00,-2.629749140157042198e-01,4.873131630533160674e-01,7.927401763057719819e-01
2.342857008287408060e+00,1.447654911176403936e-01,-1.044187178864023346e+00,8.479287533552818390e-01,1.865727355968456846e+00,-3.225487102266215156e-01,8.410815386064157684e-01,1.228728055228920146e+00,1.017065543970153474e+00,1.255585224735779326e-01
-6.984737582131461675e-01,-8.127954801358575065e-02,4.586004538776307093e-01,9.082225240917289888e-01,3.339450479990392906e-01,-3.799079665405770134e-01,5.553796561497686968e-01,8.600850677428203417e-01,3.796100564144804790e-01,-8.361871145383249493e-01
-1.814060347171899679e-01,9.478207764124667589e-01,-1.383017808744473776e+00,-2.093178022391159132e+00,1.508082850144020659e+00,5.114152550218796778e-01,6.067300025201064484e-01,-1.076816973627056084e+00,7.375280634665379864e-01,2.752486875683642364e-01
-1.584327577848397173e+00,1.424283414273857407e+00,1.586833236187288887e-01,-3.960839660792687678e-01,-3.779897459852176733e-01,-2.015221905432376559e+00,5.933365996313634261e-01,2.618572072457253097e-01,-1.940801323330949291e-01,1.278485207451672157e+00
-1.383859018995845735e+00,-5.967724763676152122e-01,-8.500082547603858840e-01,-2.787949797715530420e-01,6.747002525722299582e-02,4.300135238113548808e-01,-3.469734531051172910e-01,-8.773557351548937344e-01,1.686006949770444185e+00,2.411640191788568810e+00
1.432866718820253182e-01,-7.567803670208671507e-01,1.475454131042294170e+00,-1.446757106328465214e+00,-3.347733247048275684e-01,-6.961170513463017517e-01,-1.159535550450488728e+00,-2.800242329217695336e-01,-8.641720791739648799e-01,1.265446414865448871e-02
2.717716767246398241e-02,-6.213317235219792956e-01,-3.705133565938696361e-01,-2.308489679037105113e-01,8.098460611194270298e-01,-1.484294010641856454e-01,8.247017407860973703e-01,5.858129835546556086e-01,5.715306969007419857e-01,1.387845970345973345e+00
-1.119390879745909784e+00,-4.731831063071136323e-01,1.763298800299569313e+00,-2.573165005892674717e-01,-2.815123689905849602e+00,-2.029683431478853384e-01,1.349395301632497768e-01,-2.617113117431210778e+00,1.333935639887948277e+00,-7.137124638656020537e-01
3.285631151875155198e-01,-2.259815453440622846e-01,-1.288351419204041504e+00,-1.070508134635419939e+00,-9.350828364275469706e-01,1.085671909183637984e+00,-1.475381881001518181e-01,-5.218655165517466221e-01,-9.346089125902312666e-01,1.196150221526126378e+00
1.464201272523587116e+00,1.184743898706680731e+00,4.924373391541666534e-01,2.898300418707115966e-01,-1.215937817975901503e+00,-2.458191267110575173e-01,-6.838602033464366015e-01,-1.825512108984709725e+00,1.057043419165365705e+00,-6.958299463922752448e-01
1.195941907435307039e+00,8.817464007600120945e-01,5.567179766334188207e-01,6.128840717631837132e-01,-6.153138820737076298e-01,1.857850151290664886e+00,4.312543095304916668e-02,3.019316851187038853e-01,-6.490763335666390743e-01,-9.311652607769599355e-01
4.772960088094232445e-01,2.175134959387854672e-01,-7.893523659025772909e-01,-1.438426718775404067e+00,-1.269923087327547107e+00,1.196133717091107052e+00,-6.132538146500715603e-01,-3.389085456758337278e-01,1.450340258759062140e+00,-1.122150561486414677e+00
-7.269948257170567585e-01,-7.687668285606931162e-01,1.618068481166039518e+00,1.993383500582413870e+00,7.515632254021709091e-01,7.833847241542398754e-01,-5.803550028527311166e-01,1.947328486904282840e+00,2.676962543586619003e-01,8.531102644497399190e-01
-1.055249387709541187e-01,-2.680325873276105941e-01,1.663042259596117400e+00,5.397236797383070384e-01,1.451375461070381734e+00,2.553281717450444077e-01,-8.483665364230906780e-01,-5.833429328784879297e-01,1.029652424646105291e-01,-6.265002160433267298e-01
-1.107461408627690602e+00,1.201417031787024747e+00,-5.448700708235121315e-01,1.381927477913204028e-01,2.961335898856047311e-01,-5.881531253205687371e-01,1.450799466308739349e+00,-1.117141761204612838e+00,2.616252635807708726e-01,2.461177063765836448e-01
-5.425460286414785643e-02,-1.296912613271982595e+00,8.708175518634642120e-01,7.435106703345966128e-01,-6.755685285912162996e-01,7.074872072053618455e-01,3.749076863007757554e-01,-1.280612145361108345e+00,-8.539289145713574447e-01,1.138281444889579275e+00
3.094161851420503262e-01,-5.643029458106261220e-01,-8.584758911726420028e-01,-5.153937981154208536e-01,-4.444795298777045600e-01,-8.459630326292516544e-01,-1.741764112383302310e+00,1.140013286400785475e+00,9.706336726114431768e-01,-1.273255451806859506e+00
1.363112955636676671e-01,-9.022382027147666239e-01,-2.615672232265353059e-01,-3.447665798736564979e-01,-4.278342157178725014e-01,2.002947084076286188e+00,-4.403256846761904320e-01,-8.082638250669247348e-01,-7.625814294970478802e-01,1.043776956401755163e+00
-1.652102331692934856e+00,-7.626229164355201595e-01,1.446822840111533948e+00,2.439861879976467918e-01,1.919220050361132301e-01,2.132146460143701461e+00,2.463479529484987884e-01,-7.081861613595824556e-01,-2.820770568763486530e-01,-1.135432309030568687e+00
1.255937040015696837e+00,5.745617175367153662e-01,1.124414149970889065e+00,1.212983928549370649e+00,-4.142107809275326069e-01,-9.447528520088898096e-01,-5.171311130804583794e-02,-8.727610707885382624e-01,1.649568754090246780e-01,1.132096880834689179e+00
-1.681396460491672018e-01,1.499950899077391320e-01,-9.384561622336652642e-02,8.027275724376977672e-01,-6.677823942882900043e-01,-2.196446261643099085e+00,4.708688593753808105e-01,9.878344213079935932e-01,4.463742447585357098e-01,-6.402304954680139160e-01
-1.135012098186068963e+00,4.944975317803214088e-01,1.414789529346736352e-01,-1.257926276583297698e-01,1.822463342993790869e+00,-9.468000941813317084e-01,1.775037021127465531e+00,3.178390487063993686e-02,-1.835570476870874712e+00,-1.792026543191408694e-01
9.594960765994410279e-01,-3.650550328049707027e-01,-1.474778541238394913e+00,-1.645145317961699549e-01,-8.571723738917057522e-01,4.918144010879625938e-01,7.733998160676113232e-01,-1.056270407748106210e+00,-7.058040551156495868e-01,7.566424651069376672e-01
-8.588442782989591517e-01,-1.082158135827995027e+00,-1.178691131796254732e+00,3.520386129581203893e-01,3.091577195174641801e-01,-6.840460303790416585e-01,5.085396128234084649e-03,1.527132384155130529e+00,-9.740601569182216757e-01,-1.951742609010449492e+00
4.550755757203704399e-01,-1.104011639015884810e-01,-7.100250868151013472e-01,6.520802373549079434e-01,8.392251446687899463e-01,-2.208278019880092646e+00,-6.525979093314883128e-01,2.317516231196854903e+00,5.834049157981908706e-01,6.761036382971497005e-01
1.172894278631478437e+00,1.706882519972611686e-02,7.966841600916200195e-01,7.180620438372025127e-01,5.390414967527589196e-01,-3.220119706174046081e-01,1.720589223662588596e-01,-5.883615643067782175e-01,1.281430456649493288e-02,-1.168490892099266931e+00
-7.906239912729524644e-01,-2.823120419249295354e-01,-9.437054314300761249e-01,-5.050172707451764387e-01,-1.639259767555159564e-01,4.022623446643773804e-01,9.492573018529092410e-01,-4.637843713781079624e-01,1.335104617268623839e+00,9.386110786254933114e-01
5.040938319439418613e-01,1.536491292966189193e-01,3.191208418685413384e-01,1.187051150666381893e+00,1.223579659759273630e+00,1.334946728383643144e+00,4.132683187700315897e-02,5.549671649986129829e-01,1.343546506622051329e+00,-6.237160349163927142e-01
-3.184168537183037495e-01,1.603666301347834305e-02,8.995987379794064820e-01,9.151721507186227900e-01,-2.308641111979352900e-01,-1.508609454379709947e+00,2.461839442959672664e-01,-9.183161373284012274e-01,-1.489936204640222472e+00,-1.263871560733716537e+00
3.263810078455604557e-01,1.361037360932807028e+00,3.889451623624384097e-02,2.113806546459646996e-01,1.182894938877925295e+00,-1.544454909083554206e+00,5.201764216002715546e-01,-1.158978431882121476e-02,5.660574588320671507e-01,-4.834839084038160539e-01
-8.179372904264822219e-01,1.405089042856054182e-01,1.649191323334461723e+00,8.609101045414627729e-01,-5.076927701800915127e-01,-1.340972035981279786e+00,-1.682067283697785465e+00,1.316099451850481383e+00,-9.550822881358275174e-01,-3.255134129949364685e-01
1.321211126077576292e+00,-1.613901455478991664e+00,1.492264509475058842e+00,-2.536404538925018937e-01,-1.148583315238738800e+00,-2.473509271489131855e-01,-7.225967814014776502e-01,4.408197989057157096e-01,-6.481324338877777480e-01,-1.911642210919042961e+00
-2.205625344089894579e-01,-1.356545052286538988e+00,2.043198839883197671e-01,-1.187130332283324208e+00,-4.880128031720858961e-01,1.825878042143362079e-01,-2.124587250342694911e-01,2.504302830010448622e-01,6.802871657177568254e-01,-1.157933699731306110e+00
-6.439754062470791351e-02,-3.329503797508129193e+00,2.473333016825238206e-01,-3.008141303748422812e-01,-9.834497634779713060e-01,3.157194222965240549e-01,1.172697577185067397e+00,-4.760177475989431084e-01,-9.448144902417201507e-01,1.650252624387116562e-01
-1.335606666646360630e+00,-6.603813705355391361e-01,1.222402161650502306e+00,6.217922981228762858e-02,-1.879466963946166302e+00,-1.796991647279400972e+00,1.620856926467755532e-01,8.623905759176876407e-01,-1.617621458626150144e+00,4.497126074965084874e-01
1.330343507489718746e+00,1.887858987958638712e+00,3.312227598598763145e-01,5.068025945524742282e-01,-2.133184427628143975e+00,2.099752547995989094e+00,-5.754902130961213613e-01,-9.334711584250413585e-01,-2.552061344396245879e-01,1.511673414185431108e+00
2.208046047543548163e+00,1.254086794758444146e-01,9.980841726036552286e-01,4.320404868550389854e-02,-1.037795473018183978e+00,1.476743670788290830e+00,-6.221274803563889844e-01,1.535530773371882374e+00,1.298541329769083763e+00,6.140362639572081171e-01
1.828974756254353018e+00,2.232346033185738321e+00,-1.752433629643115054e-01,-8.087941184164312292e-01,-1.864269837256472329e+00,2.244682255430256124e+00,-4.396820089184496627e-01,1.135036857101739516e+00,-7.412553675094831762e-01,1.538265640912034993e+00
-7.001175918154133315e-01,-1.191719133617343163e+00,-2.085064309537503213e-01,-5.317757009616372876e-01,5.962997854612124282e-01,-5.139492719252362202e-02,6.277023945519214498e-01,-2.910214730852939691e-01,-6.651073710188052379e-01,-5.835605478960734782e-01
2.044938798031026295e+00,2.251709322269358216e-01,-1.983762209453044489e+00,-5.202090134540809929e-01,9.686603247587562138e-02,1.845399681250378787e+00,1.028698715889899473e+00,-9.217178364819150760e-01,2.418355753572451139e+00,-3.116036480147761634e-02
1.246329811074944560e+00,-1.155008497399902634e+00,-2.398163095250897658e+00,-1.408431490368360794e+00,-3.250333476195705895e+00,2.112089327252908433e+00,2.145329188864159853e-01,-9.246440184480313462e-01,4.526240299801209122e-01,1.893340361801658378e-01
6.209333956139913013e-01,1.209531401136268558e+00,-2.899211530250153102e-01,-8.798393061009868177e-01,8.277752143719177003e-01,8.023327778844657754e-01,1.007358081213449302e-01,2.177554188680772551e+00,-4.378221228616522298e-01,-8.998579716352682611e-01
4.180914275066016650e-01,-6.749378569134982797e-01,4.955165241448956648e-01,-8.330082558394399372e-01,-4.002422829318855180e-01,1.890840420039165304e+00,-4.055873567476788732e-01,-7.988515440172963000e-01,1.170678788706500217e+00,-1.051041950286693671e+00
-6.929432301470680455e-01,5.765611205089945512e-01,9.384114238732917945e-01,1.220476391081074530e+00,-7.472218322204847718e-01,5.960086729861199251e-01,-4.661081995441796466e-01,-6.056556335106323408e-01,1.203212782292285343e+00,-5.495543958595862089e-01
2.782045960209798552e-01,1.555794692306387839e-01,-1.070754376338502567e+00,9.660928553563207233e-01,5.602808936789537286e-01,-1.986290611870420886e+00,2.774211112373431987e-01,-7.729734341666210096e-01,1.097075306412627738e+00,-1.445399836780758118e+00
-3.564769686295440887e-01,3.620245509884657542e-01,5.434029414187518253e-02,7.629582567139714389e-01,-1.518421986009289126e+00,1.651914336867378097e+00,5.251446587882714345e-01,1.359718213000896014e+00,8.742401692332416596e-01,-1.161011445504353014e-02
-1.284198210911160709e+00,-5.635531812487009073e-01,1.589563332862577338e+00,1.385437781656382317e+00,-6.195999801036899957e-01,-2.818304286202178766e+00,-2.126897343051187550e-01,-2.877028881291164852e-01,-2.497726120403833683e-01,5.285392018314014617e-01
8.762125793216631875e-01,9.902995470995241689e-01,4.457091401353669435e-01,-1.800770701922635997e+00,-3.411997326932956209e-01,2.304089783549189807e+00,3.742167348024783569e-01,3.678195684438652080e-01,3.594859397738578988e-01,4.153796225059898095e-01
-2.383112181085923265e+00,-2.395243169110685688e-01,-3.789283179468944107e-02,1.281495399253412382e+00,4.767289462229594432e-02,-1.646511386601941185e+00,4.300891561717521960e-01,-8.038246482427452433e-01,-1.216785641081417735e+00,-8.341590467165808098e-01
5.425042296645155027e-01,1.258761239760068484e+00,4.829299451775867502e-01,6.320232236170214568e-01,4.730452728380011296e-01,1.013271768604683126e-01,6.969306349627576447e-01,-2.418775467069420593e+00,1.110883513048331606e-01,-1.044925034622251614e+00
1.162902572544139312e+00,-1.471553052168604880e-01,3.094808826783018371e-02,-1.505071874253803399e+00,1.016830889012851458e+00,6.273281202738093532e-01,5.569478823405031864e-01,-8.130228521688223076e-01,-7.736398449381300946e-01,2.235994544459052880e-01
-6.944984102480511456e-01,4.348929626773385126e-01,-2.160912602766722035e+00,-4.875445564065926662e-01,1.796753465426491392e+00,4.394858279957647995e-01,1.667936645309926746e-01,1.985226535671356762e+00,-2.335953618801435816e+00,-8.153111147881074716e-01
-4.011731717473890901e-01,8.583512330053900685e-01,8.756563632282363674e-01,-8.660067089826261055e-01,9.979543221425496435e-01,-4.033147673217075124e-01,1.211639625649166829e+00,-1.032642698122057778e+00,-1.233115990661605571e-01,-4.901673153765602753e-01
1.056030371565713777e+00,-5.227812165661710475e-01,-4.244852901175601156e-02,5.068113976630491679e-01,5.452584830261194559e-01,8.869526074731716170e-01,2.111247768446667394e-01,-4.182489152798312126e-01,-3.496987453587504513e-01,2.567231520761202937e-02
2.495924760743833681e-01,-1.471716478484363655e-01,1.920342096554723127e-02,-1.517253860572105317e+00,6.673552844546781770e-01,1.811122888894298733e-01,1.001870413541088300e+00,1.605074070849366150e-04,-1.738397578521786224e+00,-3.584461893066749338e-01
-1.999299231184167858e-01,7.429033054335988373e-01,-2.070273544513395070e+00,4.117951694893488834e-02,5.136752157933061058e-01,-6.614878852815196941e-01,7.462800981684737656e-02,-6.270365091498445453e-01,-7.295729332203905182e-01,-4.084198501313170415e-01
-7.106919924670107580e-01,6.836183119363326011e-01,-7.349518768353777709e-01,-9.029100070479273432e-01,1.767928666839533536e+00,9.607400118240353448e-01,-1.861513360659200256e+00,-7.647682898525335338e-01,2.424629717227108072e-01,3.237550672314933875e-01
-1.490492865736893435e+00,1.158565492822321907e+00,8.252244191816259233e-01,4.819016320403386455e-01,1.356728490712121094e+00,4.522899925709180646e-01,4.485808792518472532e-01,1.557679271822242306e+00,1.101219580727708758e+00,-8.415074589115312254e-01
6.331951786719153263e-01,-6.642678649585820327e-01,5.041545509502779465e-01,4.766135070198144197e-01,-1.383467312455985976e+00,-1.218456113110352318e-01,2.652570235804022625e-01,-4.362901909941569456e-01,3.147099423907597227e-01,8.058977770010687935e-01
-3.059306423075561568e-02,2.245994767082594989e-01,1.383424078555975045e+00,4.731965832252261195e-01,2.008242896744736605e-01,-9.580793796413606955e-01,6.710260113888487643e-01,3.301499493919385353e-01,1.283739433701408084e+00,4.687854330331130831e-02
-1.816266500133995709e+00,-1.700120868828261855e+00,7.356807637597333471e-01,-5.701935976981532539e-01,4.367677511104973154e-01,1.142326445023561093e-01,-1.668396676939207235e-01,-9.636128558822336376e-02,-8.653895050452268256e-01,-1.577768889967074220e-02
-5.844934327943986929e-01,-3.722565201257048151e-01,-3.236490447091610601e-01,-2.266932698987192685e-01,9.221734565070862644e-01,-1.297908292046934808e-01,1.023702336590098572e+00,1.537854951326481645e+00,8.549446510561494739e-01,5.344685350685111080e-01
3.268322094835202640e-01,8.653587090500699519e-01,8.936073859623949733e-02,9.845698459571985417e-01,6.141058052896842812e-01,-3.598404607803878386e-01,8.958508801028058910e-01,9.148000597756854313e-02,-1.061320076123160455e-01,-4.761991603989871868e-01
1.660188478745722451e-01,9.964626154129835323e-01,8.889400055930373190e-01,3.533937974589567710e-01,5.996436407250352874e-01,1.271696791522557879e+00,-1.499662911708610491e-01,-1.115420003530206206e+00,1.301129852178572577e+00,-5.297782520307183773e-01
-6.903381233439046527e-01,-1.796197755334551394e+00,5.712830531642963949e-01,-1.621452624552221389e+00,-7.502588076917368065e-01,5.882367945150587252e-01,7.219212524083720162e-01,-6.517041482182336365e-01,-1.341533269924052862e-01,-8.725945264061530926e-01
-5.483967878111827288e-01,2.662152601529070295e-01,-5.016466787964576346e-01,-2.442150401756691680e-01,-1.464706681617566897e+00,1.132956164806137478e+00,5.100665931710657297e-01,7.929053718372017778e-01,1.290425324616862435e+00,-8.252128755457165399e-01
-3.583944830280236804e-01,-1.894834367582211021e+00,3.140422910102237175e+00,-1.495853153173761774e-01,1.038727899914912101e+00,-1.238161144335458763e+00,9.963884256430094455e-01,1.857590876649665601e+00,-6.028074902798144508e-02,-1.010881496589601358e+00
-1.387964009455360248e-01,-2.226761524957226346e+00,-3.788670102184189814e-02,8.209671393129958084e-01,-3.575764437351422464e-02,-2.841395546889673995e-01,5.275681161120330254e-01,6.040248469495526074e-01,-1.659905562505182619e+00,8.882296227878846984e-02
2.435985124229243404e+00,-1.335016245648023903e+00,-8.541883283306647701e-02,1.941746122051702717e+00,1.104175156543675484e+00,-5.133966807760614870e-01,2.061353796226038093e-01,-2.111679984823413778e-03,-7.480718043216674218e-01,-7.425210749308240599e-02
-2.799661328065292110e-01,1.127489380767496691e-01,-7.483831806910333784e-01,-1.276618200244661105e+00,-4.128077339237078147e-02,1.715118218178780074e+00,8.220292626279648851e-02,-3.315937789315453466e-01,7.540858050384984246e-01,-1.583196125953785505e-01
1.868032924959109886e+00,-3.912509295078522159e-03,7.004970631581634022e-01,-7.546043823932728767e-01,5.030892533366624342e-01,2.750934769437541338e-01,-5.650612465920803323e-02,-5.017577611697202622e-01,-6.380301656523744702e-01,2.823526639796525295e-01
6.289391096964735972e-01,-1.271627962941314083e-01,2.872679291207924090e-01,-3.791467813276959420e-02,9.852602490538785174e-02,-2.004449826772250198e-01,1.797257936830824743e-02,2.698040456817426325e+00,3.116342988074248810e-01,6.452969584310429552e-01
4.380236053280969766e-01,-2.628168232970594653e-01,1.293989213291667939e+00,-2.911637704263412840e-01,1.055054548942551351e+00,-3.342069980664487683e-01,-9.599725191440409144e-01,3.653962082361929542e-01,-1.104668356102106674e+00,5.356402250166092394e-01
-1.194158656091316661e+00,-3.190080304728533100e-01,-1.431729696524741469e+00,2.824167009402729356e+00,-1.653959559616314356e+00,9.813740396404322178e-03,1.143304274330013692e+00,1.036385908587025284e+00,8.513421221731372057e-01,-3.172283882214755324e-01
1.351088946337001939e+00,9.133910908021826147e-01,2.122996176604765861e-01,2.405807577265920982e-01,-3.039226476153725764e-01,-9.096520258330383912e-01,1.237150975478716441e+00,1.312207993601531841e+00,-8.841091410299213305e-01,-1.537851651461917546e-01
-1.434232164589290814e-01,-3.265590374030993837e-02,6.429487858758167751e-02,9.468614616461799027e-01,-7.472173084867436144e-01,-8.463469915126599075e-01,1.236619742142975209e+00,-4.626447418812982271e-01,-1.263035353577066200e+00,-4.851299420998700374e-01
-3.300527352440008055e-01,1.554962727725764937e+00,9.248262123767372334e-01,1.147520616632242252e+00,8.199736423467860469e-01,9.462436716153140859e-01,-6.880821265803180875e-01,-1.986021553534843553e-01,-9.899153130235488485e-01,-2.104880305370333549e-01
6.841049909347409752e-01,1.345832848122467951e-01,1.311480818960295114e+00,-1.141415792227219228e+00,5.002383506982397421e-01,-1.248302801869318079e+00,9.417646917364227988e-02,7.403334225564788262e-01,-2.145025668242192263e-01,5.511266040869559069e-01
-9.597323348329340753e-01,-1.663689978196382979e+00,5.570296224878030777e-01,1.744010234075732635e+00,-9.960449401698920902e-01,1.222194180106795258e+00,4.342340881641101186e-02,-1.335691521693076034e+00,-1.131505301352162540e+00,1.578477336065005343e-02
-4.044622879241036584e-01,-1.312912976758239036e+00,-1.694039281225405036e+00,-8.467193279265060601e-01,1.938090083311182488e-01,-6.400752603138034312e-03,-5.012379575000782683e-01,2.018871942914827744e-01,1.040026719862687576e+00,3.941265104341478698e-01
-1.213086713895806662e-01,9.280720066606887864e-01,-9.598503022162949705e-01,-2.249195395553515997e-01,-2.010879356003681395e-01,-1.236953258442845316e+00,-4.198741622843577548e-01,-2.074959680895303027e+00,1.912178047662953517e+00,-9.374137884363129558e-01
1.586114131421311857e+00,3.808450571949244939e-02,5.648641321559588757e-01,-4.887997983509315691e-01,2.079296919616743511e-01,6.504896399884360081e-01,6.645524143941822226e-01,7.747733900743571933e-01,-3.683327100391763365e-01,-4.803596724913550831e-01
-1.594176325267603556e+00,5.232190111769366991e-01,1.082378711323442655e+00,1.615981679917929625e+00,3.051726345805077512e-01,-7.664797729085692790e-01,-1.697096143289455350e+00,1.041666733083350449e+00,-1.796276566777535555e+00,-3.406040777437667200e-01
-2.243068279436458978e-01,-6.945513785101935234e-02,3.580260003584014028e-02,1.381475563675750584e-01,-2.415363262078529694e+00,1.465590987012672583e-02,-2.229575574111877234e+00,7.322180730909948476e-01,-5.551251558036121025e-01,-2.157036725223350437e+00
-8.142046773853758301e-01,-5.700753391846538065e-01,1.190699617555004641e+00,1.966377417502450098e-01,3.444449443505802066e-01,1.181221634220601002e+00,-9.614428792448946604e-02,7.541879610324032646e-01,6.838611139319918930e-01,-1.286469493569412315e+00
1.472983577629829455e+00,-1.420301780070694520e+00,9.173666494778480729e-01,-1.517073036905632666e+00,6.012367881516732515e-01,1.861914878150172648e+00,-2.129786565502112816e-01,-2.563556428531463260e-01,6.104399993168492244e-01,-3.293964559625430222e-01
1.818278703742821412e+00,1.921922494586957020e-01,-3.201695082207257625e-01,-5.402855278956831819e-01,-9.329484701730206275e-01,-6.277549867574896414e-01,-3.506733936585964551e-01,-4.876390734985800446e-01,-6.581752741371038606e-01,2.098841230352439524e+00
-1.030095076489489836e+00,1.466325876461747613e-01,5.925210097608719639e-01,6.301079955837326496e-01,-5.860707578247199845e-02,-2.407025718473095877e-01,4.515474912395064933e-01,2.665216499782007142e-01,-2.589588347675133573e-01,-1.561878571724430786e+00
-4.679237223332475271e-01,-1.146550163707457770e+00,-6.671595500663265454e-01,3.322323851695944963e-02,3.587361439966161858e-01,1.780452751292406210e+00,-5.374063789038138195e-01,7.746256352751506036e-01,3.059600244378365419e-01,1.295997670639789767e+00
5.762287195956260488e-01,-1.008481427286316290e+00,-1.723046029291231296e+00,3.112616996675048320e-01,-5.284509979003907398e-01,-9.803137459505972817e-01,-1.267577704533077609e+00,1.609754975871555138e-01,1.507707699313364902e+00,-4.086723457060416620e-01
5.902703110753222404e-01,-1.022663502175925193e-01,-1.289382089103392914e+00,7.348113435104173252e-01,-1.094692044027371303e+00,2.162663059356470519e-02,-3.415204150053051668e-01,8.930774345656917745e-01,-1.058150992470686669e+00,3.908699078019597928e-01
-8.397974073487008972e-01,-5.111052123287851412e-01,-3.635200227540102080e+00,2.092098571617908576e+00,5.505569328262318596e-01,-7.673474859381644864e-01,-1.124655688332993897e+00,-4.956487528793405151e-01,7.168795348194515471e-01,-1.892084925584925470e+00
-1.415844192943381263e-01,1.770641872462673350e+00,-1.133946335967804142e+00,8.038503876365497847e-02,2.203309815257757709e+00,6.321516296907727650e-01,1.259238204854551402e-01,5.066364549090027758e-01,-4.008653350097023393e-01,1.299631285303439965e+00
-3.993300229002119117e-01,-1.959181608735977020e+00,-3.913031039404598621e-01,-9.667345298767034967e-01,-2.811940121974292883e-01,-2.590840590806308685e-01,1.197423199804907412e+00,6.952927266643855742e-01,2.632654875753965840e-01,-2.945411332595115287e-03
-1.058858008857994415e+00,-2.181175237665677447e+00,1.131600113927831719e-01,7.946412035736588608e-01,-1.083338832445891881e-01,-5.348543227867003091e-01,4.645021652142125035e-01,-8.333220062434699982e-02,1.685744191973961303e+00,1.232728342068284411e+00
9.595080570233295303e-01,7.577341142099037752e-01,-1.290167414451456995e+00,6.629937020525996649e-01,3.763259576465752265e-01,6.064247283911633479e-01,4.926094868130525550e-01,4.527625878480655564e-01,2.700866469549594751e+00,-7.618566995191904112e-02
9.363373808293302680e-01,-4.709898102640032169e-01,7.906415838876719171e-01,9.393198902324554345e-01,3.644260771353479145e-01,1.669246942376499954e+00,-8.842760363604175167e-01,-4.872209416682221073e-01,2.123800860234895949e-01,8.808068534842220521e-01
1.794295212949332252e-01,1.285759036510566000e+00,-6.616898709663193712e-01,-1.140578489488554448e+00,3.081283365365046212e-01,-7.718027611369632224e-02,5.428637203582199477e-01,-2.740229086650393733e-02,-3.400197906234570522e-01,-7.493757172372349229e-02
2.884889479318494127e-02,-3.049812998483303894e-01,-2.031320463234281282e-01,-4.035933369869101339e-01,8.566651198694065217e-01,1.940210045057992883e-01,2.256752472168766399e+00,1.607045512784618380e-01,-5.508574703286617247e-01,2.670675374863064722e+00
4.136263777143353582e-01,9.901247868928166884e-01,5.921029832024915507e-01,6.230110292977486530e-01,5.356540513524742364e-01,-1.102084564776065312e+00,3.675290475614119701e-01,-1.324861303850239036e+00,-1.743628364125342500e-01,-7.256174565632872442e-01
3.574701858487240314e-01,3.341262473382346498e-01,4.811458907651867678e-01,2.872965727490871535e-01,-6.068253417863987975e-01,-2.610034893516796073e-01,9.203961612544848681e-01,1.067856677294399814e+00,-1.146783098626549258e+00,-1.530927632512646408e+00
-7.268893832047120807e-01,1.045207582032250615e+00,1.214884030183034369e+00,-9.247118804011715820e-01,3.073093537363382755e-01,1.834431333140087661e+00,4.153114772403337929e-01,1.421503285233093550e+00,9.987265700830983972e-01,-9.101987062279107699e-01
-1.899814234970781390e-01,3.475447829184789839e-02,1.041333880213400204e-01,9.163289534385712365e-01,4.086847622754085085e-01,-2.936200943778115136e+00,-1.312840273092725996e+00,-2.187380914976043034e+00,1.753652406553341536e-01,2.404876494677610499e-01
2.832249586107184469e-01,-9.589282677146162559e-01,6.741440051199891759e-01,7.162624964685291307e-01,-1.255149067205157731e+00,-1.466038201448872202e+00,-1.316862269378585868e-04,1.791782273613359067e+00,1.699742742198642409e+00,5.634043604480524214e-01
-7.299966715800764172e-01,8.868426594885850944e-01,-4.524242648090414654e-01,-7.675070366738104832e-01,-2.143966831621994196e+00,1.023821983476529002e-01,-6.298673491373751876e-01,9.643037952850441741e-02,-2.299357696237061432e+00,1.698266725836872215e-01
-2.431121163971627919e+00,1.087940253268552038e+00,5.218912341350844253e-01,-2.786647714245877872e-01,5.627198600820791929e-01,-9.780742626635523518e-01,7.237551561489243002e-02,7.947740384603356745e-01,-3.094289249091389582e+00,-4.472243596775237751e-01
-2.264413013637427835e-02,-1.962936177457665632e-01,1.457101826227405139e+00,-1.123901124922884520e+00,-6.211592434452289924e-01,-1.915869026308448353e+00,1.510286651273145431e+00,-2.462901426088000001e-01,-4.384088880367070229e-01,-5.248268231071404749e-02
6.362358284303241129e-01,3.473634035161247136e-01,2.647884213557087474e+00,4.539358884037745789e-01,-4.652454291690810706e-01,-5.613567375239471025e-01,-3.927589524168091373e-01,-1.501836924629837977e+00,3.986420749158606225e-02,7.834681062089171588e-01
-6.133636006232359161e-01,-8.073800562841115802e-01,1.515945146294233714e+00,-1.426483156621165094e+00,-2.067818376477301268e+00,-1.152901943647382632e+00,-1.540432717124296413e+00,3.862260641045818232e-01,-3.607045004495735285e-01,-2.196870450238398720e-01
1.152934176974773184e+00,-6.913348611627764262e-01,7.750894117456407217e-01,1.511322799203203004e+00,-4.556624980136606551e-01,7.370228555563136386e-01,-2.418179125289801057e-01,9.240981288407890126e-01,-1.571489187576273094e+00,-1.645512245125346329e+00
-3.912677149075407534e-01,-8.889248090597706708e-01,-5.167091094298853493e-01,-2.195265824471398508e-01,7.200135318362517189e-01,-4.076605785659349057e-01,-8.238613106230866512e-01,-3.515133767588988767e-01,-7.691452798066177321e-01,-9.340055020627143767e-01
-1.613016813576969133e+00,6.947811622107863405e-02,-5.687057065970534397e-01,9.662787392346716686e-01,-1.447396092058940598e+00,-5.420835550478788623e-01,1.812907220658748875e+00,-9.396095170978494560e-01,-2.365332520961239693e-01,-1.215843982825368430e+00
-1.348427512780981052e+00,1.547310983087678338e+00,1.710394926371472391e-01,1.336788382376233320e-01,-1.696316235116222204e+00,3.587413881083029721e-01,1.157421945993825751e+00,1.149477060828529629e+00,6.683332296061608169e-01,-1.129485577595404022e+00
3.131234171929916377e-01,6.675849604766076473e-01,-1.794443585088901338e+00,-1.121279591481784799e+00,8.881573217434416412e-01,8.760457766719285111e-01,-1.548583033621392380e+00,7.950214592691725590e-01,9.530339915361779601e-02,7.810089546071514732e-01
-6.345213234339414088e-01,6.451834964809020079e-01,8.438287744856245443e-01,-3.513349354557117055e-01,1.775254617328601153e-02,-6.485216295046535295e-01,1.651638948685879349e+00,-1.202719393257659503e-01,-9.220243251771819137e-01,-7.158259138747501416e-01
1.267706011421131373e-01,7.533311717782117389e-01,-1.335826845150521747e+00,1.847660002942448809e+00,3.086752940556163893e-01,4.664559729694124912e-01,-9.718954382343640563e-02,1.925896735112554714e-02,-1.482831379274029970e-01,1.017795969035960368e+00
-7.928587453370404547e-03,7.670502184927098233e-01,-4.338475233525722063e-01,1.956405283123157646e-01,-8.039203442394211585e-01,1.216528232549537014e+00,-8.337472407191157675e-01,-3.249794442613262446e-01,-3.149604124547448758e-01,-3.539513876737683251e-01
7.224957694429370303e-01,-3.166577647366436987e-01,1.393924530541072793e+00,-8.184750861301681724e-01,1.693774699427069153e-01,-7.757859893125998996e-01,4.209727825314666938e-01,-1.594972697677003379e-02,-1.550620446984784517e-01,1.188474966503523911e+00
-6.543418710551034412e-01,5.865151576180001047e-01,-7.689599126747923563e-01,1.126852001603737413e-01,-1.195575328223445366e+00,-6.625171463067404121e-01,-8.214304557286504493e-02,1.814649167323077794e+00,1.008038704597741253e-01,1.654668315866706374e+00
2.203232916909180217e-01,-3.870842444749391098e-01,1.539356522600693555e+00,4.370176220734188766e-01,-6.427215938827136599e-01,4.705714594002974316e-01,-2.925947499076101965e-01,-1.989034196171295843e+00,9.359731592656175270e-01,1.094934055641928916e+00
1.837942029992275295e+00,4.221436921952626542e-01,-2.487234240825325349e-01,8.349894273785858356e-01,8.498203653189063678e-01,1.638281183136421904e+00,-4.462762306644214860e-02,-1.655789725675944624e-01,-7.155444197585274502e-01,5.374620867252016820e-01
-1.548261668230835220e+00,7.760873728625645729e-01,5.878351218657895672e-01,5.850702024583720462e-01,1.382252365018404316e-01,1.532978247531084692e+00,8.719934654268632901e-01,-6.070771913756997096e-01,-5.891790496976467839e-01,-8.796738134146367960e-01
5.512833327755874979e-01,-1.000138921239956735e+00,1.083392143583352230e+00,1.322973308345543275e+00,-8.790162689504511517e-01,-1.855485345928536978e-01,1.662098136241370316e-02,8.839831604696676282e-01,1.609343375609876947e+00,-1.685492392868577438e+00
-3.181807175266828658e-01,-2.660166955603469607e-01,-1.400669854886547716e+00,-4.851100193040616126e-01,4.277689443506111355e-01,-2.786789028395571521e-01,-1.544621168607413608e+00,2.874082698009913450e+00,2.661778652041802973e-01,1.116941301066749909e-01
-1.097926363067046385e+00,2.607061619712753298e-01,-1.642137840414943095e-01,-1.888523412715406247e+00,-1.070255440014416193e+00,7.949260176739449957e-01,1.944017650000441577e+00,3.671654050430446237e-01,1.103083278293367275e+00,-1.557553085832099893e-01
-8.654616068060290435e-02,1.090979027619465080e+00,1.662777289179469209e+00,1.301096693465621623e+00,-1.066363075384819004e+00,-6.695889031524576707e-02,2.775246844762951914e-01,-2.596779635075290860e-01,3.878575434155957513e-01,8.205768116689473590e-01
1.002809751955140438e+00,1.685870152221523144e+00,-3.294411047248346769e-01,-1.364033164839314027e+00,3.582345940144527896e-01,1.883811031184802198e+00,-4.769758599540591115e-01,6.868469770637194438e-01,6.957457924726427878e-01,1.914420473446089566e-01
6.924721043714369799e-03,-9.234292057213925320e-01,-2.281662072420577392e+00,-1.111850706664028854e+00,-3.903041491116992501e-01,1.097422687422706877e+00,-1.031280623513756156e-01,-5.190257189181485264e-01,-8.909854419534304348e-01,6.568058285094803272e-01
1.358357166430605112e+00,1.063435721867459494e+00,6.061496997584691071e-01,-1.475612746382940044e+00,-3.516742428437714119e-01,1.947304228889675137e+00,1.121950491915224779e+00,-1.537503218234725022e+00,-5.559052319927140079e-02,3.630984326610387503e-01
-7.621584630262199234e-01,-2.309204021408848728e+00,9.882404501643171635e-02,-7.877582576204392728e-01,-7.838417390846841304e-01,-3.546803599307580823e-01,-1.336759146548117394e-01,-9.082794095686441346e-03,-8.839898989220014158e-01,-2.202095296340773889e-01
-1.757423370402755092e+00,3.110390653680782380e-01,-2.856275413341157421e+00,-2.894900804336195677e-01,9.191861536769533325e-01,-1.059340687274826553e+00,7.164302036574000665e-01,1.155732712120892236e+00,-3.307899952497388441e+00,-1.513629035757423635e-01
-2.875773427628275147e+00,-1.182084455709460774e-01,-7.171210981326812256e-03,-2.482543985910838469e+00,1.924838362079865473e+00,2.860158076346249190e-01,-8.490234320820353453e-01,1.465379427498518350e+00,-1.795613220642316765e+00,-1.229171033518317246e+00
-2.299455523669898582e+00,1.801045196539333926e+00,3.323463714720034656e-01,6.594017898484949569e-01,3.010012339184757191e-01,5.737677611445846093e-01,7.807771389598944234e-02,2.709213427074413372e-01,1.076034362229507657e-01,-6.085918055692784989e-01
-4.662476521466914908e-02,2.735945732616776316e-01,1.105491195521307868e-01,-1.477772107753317021e+00,-1.344986668608409319e+00,1.082841433916391205e+00,-3.069940458834017893e-01,5.847253470359404792e-01,-1.092119909722396365e+00,-1.473145876646529961e+00
-8.435966125317130304e-01,-2.225650707714132703e-01,-6.651402992844123174e-01,1.293933523105713856e+00,1.795233015374615437e-01,1.848938618561858593e+00,4.044081540714172252e-01,-2.412550817919810964e+00,1.056041606458554494e+00,-1.509551622469954779e+00
2.305336672113391383e-01,-7.746840576638448495e-01,2.142711034464186426e+00,1.439597927430135371e+00,-7.418206417017582099e-01,-1.273576681211117667e-01,2.445980696492174034e-01,8.634140715616104300e-01,2.915191232501267854e-02,-1.024894899380866864e+00
-7.175586392000529168e-01,-4.481796376791330472e-03,1.234456978764691071e+00,4.278378605360439457e-01,-7.734149266150158741e-01,6.483727777097899603e-01,-3.869848388781598203e-01,8.904080051868412671e-01,2.527010418328605290e+00,-3.588263709435495219e-01
8.016051597263709194e-01,-7.453933320377297278e-01,-1.122637671912975754e-01,2.956228687210129408e-02,-1.936836600443805623e-01,2.463013688775023802e+00,-3.065930746783823713e-01,5.868515387848679543e-01,-1.930086869323432319e+00,4.319965633696102869e-01
1.142054592352246711e+00,-5.275973425790508875e-01,-2.510222141040412858e+00,-3.865176882732510033e-02,1.718385038552807526e-02,7.240750507443041162e-01,2.010903035413433848e+00,-3.800536506003067694e-01,-8.562881236602803980e-01,-1.166917801371443186e+00
1.980786170315993466e-01,4.793542588185019104e-01,-5.456553943625844783e-01,7.786827457257895491e-01,4.653840768191756516e-01,4.323168964489036703e-02,-9.024147207441254315e-01,-4.818643154847230825e-01,-2.429755297682544946e+00,2.357870641980336635e-01
2.634128874743522572e-02,1.884789910894864307e-01,5.043190155645602690e-01,3.858214864322229709e-01,-1.103831806460352782e-01,4.866804316275244457e-02,-1.404316416696169467e+00,-5.837206456894258322e-01,5.047105368346138654e-02,-7.358535759123605580e-01
8.601507958725463920e-01,-6.586320809550304523e-01,2.163054112483163149e-01,1.165656568153358719e-01,7.462775936104096841e-01,9.007911740283019997e-01,6.940326109679394451e-01,-2.106006201383133547e+00,1.194148148013126631e+00,1.527308224194597885e+00
-4.821242843214694207e-01,2.366469126728497907e-01,-8.908316801307819555e-01,-1.948378506732151294e+00,-7.387152655423863123e-01,-5.401390394636103043e-01,-3.548507313518154960e-01,-9.589140900059879291e-01,-7.334251668172389049e-01,-1.100632162840769687e-02
-7.702269831101420383e-01,5.435243325500278555e-01,6.816606513974394765e-01,2.380387746164489560e+00,1.125679932123462068e+00,2.431030583284144175e-01,-6.202642966676786829e-01,2.937473516739987911e-01,3.265959599163560934e-01,-5.133130890056608608e-01
7.837313967528776182e-01,-1.398098014681875334e+00,-2.443998355375105458e-01,5.558584593174067390e-01,-2.875841475920969947e-01,-2.067544034292712329e-01,-1.377858611922804510e-01,-8.356012406877455501e-01,1.173900931574208162e+00,-1.018037671922815024e+00
3.181593274098851731e-01,4.136478982823735273e-01,-9.486219012089668334e-01,7.310425438074330540e-02,-9.096321727447022054e-01,1.391042475055945360e+00,-1.138782936976213023e+00,-6.538970942319644042e-01,-1.224225008355580568e+00,-1.357698726867551997e+00
1.591215290882293409e+00,5.427746739125620667e-01,1.402934257005440111e-01,-6.565769633469216160e-01,9.076118110467683575e-01,-8.242224393674529859e-01,7.936392943301029401e-01,-8.725112766056362101e-01,-6.445077018756718568e-01,7.582823861179210923e-01
8.638273441557671184e-01,5.974729338967611492e-01,-1.049674115756794812e+00,-4.467268657228287698e-01,1.568987411985134084e-01,-8.492809619100916141e-01,1.370962760129293079e+00,-2.401946943950545865e+00,-7.787395153691528682e-01,-5.095665028698317389e-01
-2.843943664771767743e+00,-1.396229130236190885e+00,6.252895125420684375e-01,3.028363655296380241e-02,1.573136022042902704e+00,1.545226445884819055e+00,4.330463786039466800e-01,3.132382490007116216e-01,6.593110857890048526e-02,-2.655082017879490053e+00
-1.394559513326075306e+00,1.006755030989340827e-01,6.160257087476714855e-01,2.896698121381406921e-01,-8.924649677156576422e-01,9.374062824694956442e-01,1.482444028754636545e+00,9.379896002913398201e-01,9.895993295904706999e-01,-5.592257979552108793e-01
1.075934122700799245e+00,1.457586393276572578e-01,5.115555285220048098e-01,3.654318428247090855e-01,-1.214871054404110251e-01,-8.600024751223018793e-01,-8.213666355404633523e-02,9.867616174828227615e-01,-4.414758053129095861e-01,8.933472626081460088e-01
7.370706706176718415e-01,-2.989373970198302977e-01,1.388800103619576731e+00,-3.555466711907059874e-01,1.509546862612631601e+00,4.341269815409725119e-01,-1.586591845351353197e-02,-8.878013803376537671e-01,-8.826023013504129267e-02,-2.037595134944202857e-01
-1.258296385250905480e+00,-2.176154227176671230e-01,-8.038031800970857343e-01,5.859917689787818018e-01,1.306280475728202939e+00,-1.226915676295240676e+00,1.712307728366922577e+00,-1.285510343851297421e-01,-9.750213849385142018e-01,7.577547802081833206e-01
-4.464544782550480262e-01,-8.173667603149417649e-02,-4.042782442120789188e-01,-8.167379318649000686e-01,7.239970324019037173e-01,-2.863014028941872069e-01,-1.436651792179245879e+00,5.510601242159327562e-01,-1.205582351023755328e+00,-1.153260172675258710e+00
1.192606204977316064e+00,-1.196339899210211888e+00,-2.316444856927490470e+00,6.228614849614956261e-01,-3.038634294811303205e-01,-2.176551211381164141e-01,-3.145003933502000248e-01,2.316699390187267893e-01,-7.527192419030679371e-01,1.476114874565764401e+00
-1.476230480309398407e+00,4.448749166771230890e-01,6.421210038765838846e-01,-7.596517608333779314e-01,-1.023734445277818317e+00,1.017174214170156299e+00,-9.908607540167149175e-01,-6.066639407505668435e-01,8.873089624597463310e-01,3.474123353902421746e-02
-1.797143667629104602e+00,1.747059144553514187e+00,-5.300107587799659514e-01,-4.027572899064172929e-01,2.557842523263653134e-01,6.250767970040728150e-01,1.961104291291466906e+00,-1.660068149405696358e+00,8.259522089259457855e-01,7.430096940500769964e-01
-1.371649108741166967e-01,7.872736948162223358e-01,9.342740176365468274e-01,-1.381962784987004422e+00,1.749766505880830270e+00,-1.558762253138141762e+00,-1.135316281238773151e+00,-2.617876736240962732e-01,1.924940513187056501e+00,-3.082566297533864685e-01
-3.193389005081066767e-02,1.432078603904563430e+00,-3.003181425654727343e-01,-1.178436712930675645e+00,-4.172348352383145054e-01,1.370791833805777404e+00,7.086499705513647773e-02,1.930658259056259762e+00,7.379349262621551775e-01,-6.448089363934833562e-01
5.107630446507833988e-02,-8.532181181418795335e-01,-6.684330306487700213e-01,4.479084251025756913e+00,1.018624510033810937e+00,8.610979890066731146e-01,-6.231803153080639479e-01,1.569584066281078938e+00,1.099415601792937069e+00,1.881621289357770843e+00
1.833114148398449217e+00,-1.479089288097521937e+00,-1.109839489269907276e+00,-1.003787815463636379e+00,-9.439406433324369905e-01,3.234523642603904237e-01,-5.668034520958176170e-01,2.072598540762518482e+00,1.904679882081637743e+00,-6.461594079039767111e-03
1.955326216149790186e+00,1.488134627240201846e+00,-4.507065591772588808e-01,-2.009215344025561567e+00,-2.179683849607293444e-01,-6.446221310784729930e-01,2.065056251458303738e-01,8.922828687474911036e-02,6.301765889922855690e-02,5.236847413791645423e-01
-1.212521947083678553e+00,4.113602775697077774e-01,-4.396161530170060727e-01,1.999821998636870102e-01,9.574098452321898600e-01,-1.224399773221029664e+00,-2.812936526695694051e-01,-1.185342340288641771e-01,-5.142689715706408871e-01,8.998294961329572628e-01
-7.203883588004715843e-01,-5.554003994423387658e-01,-7.099191329520645466e-01,1.092055411438801693e+00,-4.924441124122167501e-01,4.600453908835562267e-01,1.975705101230074145e+00,-7.481842035058532125e-02,1.112060680033157389e+00,1.671354084093128023e+00
1.027191560040413787e+00,-1.680131597774041710e-02,6.421077589986134981e-01,-1.287378593135345417e+00,-7.800431581499519540e-01,-6.046751816319190231e-01,2.240612120174282129e+00,-8.125845142552670097e-01,-8.274767512618296239e-01,-1.043920980248983499e+00
5.598117619307608761e-01,1.426213926688828237e-01,1.086758977026564876e+00,6.712596660773543222e-01,-1.380389846724067393e+00,-8.072777700103707099e-01,1.365328748275821402e+00,-2.032982445768050095e-01,1.187591818018012724e+00,-1.496809479153170530e-01
-9.676564282885213863e-01,-3.032607776667061161e-01,-9.680497955496960572e-01,-5.655527624024238031e-01,2.009257065652459706e-01,5.116050903690204654e-01,-1.590191323254298128e+00,-1.736800750909817115e-02,-5.866157355597524381e-01,-6.484148089588124275e-01
1.326846191330768310e-01,-5.504518726892120295e-01,1.382137994846674101e+00,1.188061876251060189e+00,1.181828293942039476e+00,-4.949101954903018519e-01,-9.624988349193223103e-01,8.202992938811552726e-02,-1.503483662862671877e-01,-6.088231624233648720e-01
-1.175734446666961475e+00,-4.151796926807156674e-02,-4.040694502524733167e-01,6.883470370380196934e-01,6.651060515214793911e-01,1.100799805422717048e+00,-1.259295551880038166e+00,4.010583076936326541e-01,-7.274657062336721269e-01,-1.220414210811084699e+00
-4.286022369487100803e-01,1.068704980134617788e+00,-3.723183535704842062e-01,1.565454659959112149e+00,5.488785155203335098e-01,-3.940904789805769748e-01,1.160048428906408580e+00,4.453967721142856884e-01,-9.325593884467053840e-01,1.858802635580515172e+00
2.594788230864765732e-01,1.879619198549182732e-02,-8.555326699056159390e-01,1.179538267607738167e+00,5.172754273613064946e-01,6.292381802952409231e-01,-5.075313435257684525e-01,8.341005719100683669e-01,9.118135935708017170e-01,-6.687782387811225249e-01
-1.416990139680990968e+00,5.813730593389240253e-01,-1.573346949605739731e+00,1.520157778377793367e-01,-4.472451047873071128e-01,1.218665210788921094e+00,-3.928438907672072711e-01,1.107272972003804146e+00,-5.142094443630261802e-01,9.999910050596110267e-01
2.060341543836831768e+00,-1.068047138366240434e+00,2.920357217309079711e-01,2.748782415910064891e+00,6.658882690292168560e-02,6.178827022964826499e-02,7.884989473510196634e-01,4.108086409475417144e-02,-1.707225994570552574e+00,1.132287374838938598e+00
-2.002948413865192734e+00,-4.167916511383418232e-01,1.207425749156648243e+00,-3.565424286427857359e-01,-6.936964924644041242e-01,8.792639051665606109e-01,-8.511147868343865719e-01,-1.222225719591953697e+00,2.745139874932833735e-01,-1.829232984125909178e-01
-1.243673114188841966e+00,6.369525399948700040e-01,4.644876055772337864e-01,-3.597550166056319720e-01,-2.913320061249464743e-01,4.703927420091565392e-01,1.190361419752066219e+00,-2.827932101093248440e-01,6.546884930081444676e-01,5.652002170845991103e-01
8.793072927089763402e-01,3.930919874346531367e-02,-9.123255140663578677e-01,-4.624991531999693151e-01,3.428534657816479370e-01,1.818464378381593027e+00,-4.840196231962784479e-01,8.047874435273990601e-01,-3.280564506767600363e-01,1.104687558861357222e-01
1.515396749263592469e+00,7.642925814204332147e-01,-1.241299272740956861e+00,-5.724750238115908774e-01,1.256221344441358800e+00,1.418780426284953211e-01,-1.148840119615863520e+00,-8.189524449737208833e-01,7.034935227111718259e-01,9.944102812176301986e-01
1.785530148217440508e-02,2.475313800936102204e+00,8.241523634556385813e-01,-2.434810696329003932e-01,-8.157060480993442164e-01,-9.748843046390414102e-01,3.354213204803694892e-01,-4.887770449134068440e-01,1.673743753983424787e+00,1.466311802917859453e+00
6.330665474972272388e-01,-1.178996172956895627e+00,-6.722188725524049779e-01,1.255677525741100808e+00,-5.630661997951019737e-01,1.122141733919524320e+00,4.746039230347610105e-01,5.171788481318730785e-02,-7.028328129354410869e-01,-9.424384352475159710e-02
1.896479548748979393e-01,1.032538898301121666e+00,-8.857356006337546717e-01,-2.628168425261151464e-01,4.482313193228475157e-02,6.626783576861646763e-01,-9.084643375227768880e-01,-1.316569792887215096e+00,6.739651517100496703e-01,-1.517949114946703260e+00
1.284979714762168213e+00,-1.559260974829079771e-01,-1.547531082274446357e+00,-4.804202194034942197e-01,3.791236330692371870e-01,-5.327010875549776925e-01,2.002974882434750345e-02,7.400783657052865117e-01,-2.021903353876195741e-01,-9.370576764661335822e-01
-2.989839973718410038e-01,1.414840136459259989e+00,1.685064345333183944e+00,-2.019926173942275138e+00,1.091027909191476963e+00,2.501477160353562379e-01,9.239826791201500855e-01,-5.504882602676295367e-01,-1.768263509501486030e+00,5.844887886474617877e-01
-9.409772612827169702e-01,-1.388292431484852374e+00,-1.318401382473466388e+00,6.009137824153344409e-01,1.394524660291971696e-01,7.824660218746737339e-01,6.690752544963648463e-01,-4.209335645837658513e-01,-7.047357387745573076e-02,-5.114375287825395633e-01
-2.103277728654908141e-01,-9.672547379810659818e-01,3.904842938743350866e-01,1.075120748981756469e+00,-8.166130298209866023e-01,1.281269645401342583e+00,1.135214964779417135e-01,2.410789764058132723e-01,-1.699429519607518202e+00,-1.807262309565734082e+00
1.441163627796819280e-01,7.897321246320075927e-01,-6.713804436449524182e-01,1.670093900583089264e+00,7.349359742543154494e-01,-9.083412517079851867e-01,3.084866705350712557e-02,2.476929133723412058e+00,-1.242564002799705580e+00,5.282699389151054303e-01
-3.227445527233424039e-01,7.068962909185121379e-01,1.267273646318381797e+00,-3.862370887113674156e-01,1.118912271707173778e+00,2.221203394271960896e+00,6.627473734423477980e-02,7.848886874941852776e-01,-5.904407702032749006e-01,1.925930903121241683e-02
-1.766750927082425537e-01,7.969359256585957230e-01,1.204675935756925442e+00,-1.096548491174593604e-01,1.533622845732923290e+00,1.530047441561628974e+00,8.468537431799008086e-01,-5.160265317217282988e-01,-6.118288167399027477e-01,-8.123813546900386928e-01
9.491660702381609083e-01,-1.211768207489364313e+00,6.768376541110071587e-01,-1.081109347824112943e+00,8.235461198419734563e-01,1.721958273056056407e-02,1.333638561859827432e+00,1.141454578321271063e+00,1.435065412002111573e+00,1.460818718289112805e+00
1.436308339881977036e-01,-1.158793066424604667e+00,-1.052523054997378527e+00,-2.086848529315937562e+00,-1.083665833428093528e+00,6.882365770464905774e-02,-5.596541808251621619e-01,-1.801356044098513243e-01,4.927154194614009608e-01,-3.040652580657580151e-01
-1.121828800412584259e+00,-5.323366756343213269e-02,-8.984904867728449318e-01,-2.707864969790630960e-01,1.342776964423003427e+00,-2.705053040961746813e-01,1.770957553347745073e+00,1.431635986937969784e+00,-5.793053085790431656e-01,-1.111123766415775593e+00
-5.255416192019340960e-02,1.153327763396889027e+00,-4.901909062286882168e-01,9.080902982621390507e-01,1.208439989136088188e+00,-7.740256503626058437e-01,-6.760510882885870654e-01,7.126620321270068503e-01,1.518475496415706005e-01,-6.860615265436788013e-01
-3.521804481195873193e-01,-7.051955272741913805e-02,-1.564854424955460566e+00,7.656431064826951793e-01,-4.786921889391911877e-01,-2.783716223798098799e+00,-2.387096830945271628e-02,-7.415712588935076122e-01,1.688822192302676717e+00,-5.854450209199681954e-01
-1.097643363578610920e+00,5.079326699620159147e-01,-6.604473680075831910e-01,-7.794562012522322503e-01,5.095013828244059351e-01,-1.040467307889566095e+00,-1.457273658199452981e+00,1.725998002094337069e+00,5.794987376006448532e-01,-2.642092849943651345e-01
-3.477209701936022097e-03,5.058643581161560432e-01,9.733374496134207243e-01,-7.559752913150118436e-01,3.661465259656823679e-01,-5.067041762102385549e-01,-1.889812445126242968e-01,1.606928674649046040e-01,-6.678573052672211359e-03,7.355668983025718255e-01
4.870865591155939534e-01,-1.508169209372177688e+00,-1.357823207065442128e+00,-3.697166847592928685e-01,1.828625262441824884e+00,-8.515918325016023083e-01,-2.082227096127528820e-01,-5.363460269565218930e-01,-5.540443840880799886e-01,1.782397439050555643e-01
1.400777276195651400e+00,4.559683998805890703e-01,-8.035309614270922385e-01,2.753229510803206992e+00,7.857322096112584475e-02,-5.772209563821133482e-01,1.412096374677589417e+00,-4.690706179438184908e-01,1.662913654987442813e+00,-8.706427909666666354e-01
1.430030388921369244e+00,2.010476642816944326e-01,1.291052232702433633e+00,1.901765708701544266e+00,-1.132607290521253862e+00,1.275771820758322406e+00,-1.408903904425404807e+00,-1.047184355248228282e+00,-8.034094597924370529e-01,5.036366361778611411e-01
3.301587693485963371e-02,-1.671360841628359850e-01,1.462352790223609700e-01,5.912895892934728614e-01,6.682481239413528007e-01,1.094166835615131061e+00,1.820034812767439503e+00,-2.136237244147697403e-02,-5.210889621309162667e-01,6.135361291851882948e-01
-1.144254816264620223e+00,-6.787041321116114023e-01,9.993809463927898484e-01,-1.241283748177041679e-01,-1.208192458358039012e+00,-1.489803065365174151e+00,4.871667939380729118e-02,1.141896536968009856e+00,1.128545777531186456e+00,1.108805028928373515e-01
2.008909419096128079e+00,-1.048203659404626925e-01,-1.385676233974107718e-01,-2.567435909738999822e+00,-4.473629491612156617e-01,8.520150349084945063e-01,1.563961336859704065e+00,-8.302346336672845606e-01,4.622523292930484917e-01,1.046879032323287717e+00
1.120815319589908536e-02,-2.283280457527230300e+00,2.472899995742523227e-01,7.614306240608931242e-01,-9.474228950184588882e-01,-2.541545308743869969e-01,-1.155496042128764111e+00,-2.570147548580352659e+00,1.027004411787656446e+00,-3.748533801851622500e-03
1.597674996704982808e+00,8.573221919061772001e-01,-3.542097616654489300e-01,-8.318066010440867963e-02,5.661773907701724839e-01,9.668834167557434078e-01,3.226706307420114106e-01,1.105593145289484269e+00,-2.966687366744715226e-01,-9.971435467856862855e-01
-6.480925356113022284e-02,2.051848907361835950e-01,-1.201535394739286833e+00,-1.336722084146622080e+00,4.473862964734274805e-01,-4.063568513704235996e-01,-1.658409056620021027e-01,-3.596926657008234773e-01,1.520600901763211832e+00,1.261761160395000081e+00
-1.237353690039168175e+00,-5.327932130804470257e-01,8.500042679695930525e-01,6.019362371032421777e-01,-4.145796232978563034e-02,-1.137600204964235306e+00,-6.825400461535456875e-01,-5.167675675462897189e-01,2.769943311191006008e-01,1.703727154697237678e+00
-6.868802347881279857e-01,-1.026035247555240115e+00,-1.085864768279432985e-01,1.031738980514058879e+00,-1.446882966760703271e+00,1.453634150874947739e+00,-1.720313621156694950e-01,-7.343200023133736876e-01,-1.600189286762159435e+00,7.065207734206273571e-01
-1.711711952415348181e-01,1.707054827545068099e-01,-9.008117410113638535e-01,-3.190960342510237302e-01,-4.865812463547378730e-01,-1.005931053782075507e-01,-6.695523263758105248e-01,-1.534180960687221429e+00,2.728499745296606882e+00,-1.363404247337514086e+00
1.814590069425389696e-01,-1.772027828424042273e+00,-1.997047436617974903e+00,9.782649185226753585e-02,1.743675877683032727e-01,1.261498990802383702e+00,3.995468410157058115e-01,-1.498107187457909661e-01,-9.496002440650042065e-01,1.499012068233548600e+00
9.288512460502239554e-01,-1.246329477748424619e+00,3.796372821063528913e-02,1.440522315264967657e-01,-3.456536566056691018e-01,7.718504858067948282e-01,8.317331383481770812e-01,-1.904856978051058525e-01,-2.808692457976584289e-01,1.498958462667531633e+00
9.328388923622371598e-01,7.236038990838447593e-02,-1.629209039080053545e+00,3.440001063050359131e-01,6.980834649176681506e-01,-2.754521628398372890e+00,2.518694483180254906e-01,-4.166919867957353807e-01,-2.208542801295515501e-01,-9.073809527633206473e-01
-1.481892904036419545e-01,1.391991576181331292e+00,-4.463984988155156319e-01,9.655735587931837394e-01,-8.063312188796102342e-01,7.587561926560388859e-01,1.655855621951232400e-03,3.520248287892805972e-01,7.153256097487520858e-03,6.416252324412085040e-01
-2.567585117933758099e+00,-1.419825313457569571e+00,4.170804980086446623e-01,-2.043538353896235726e+00,-5.305803556472092897e-01,-5.434084103664974658e-02,-8.281401376128967318e-01,-6.915614026937736414e-01,2.715822001535923569e-01,1.009294955779809211e+00
-9.584493812548077196e-01,-5.750581961873701964e-01,-7.312609733270448720e-01,-2.421379751877278608e+00,1.417117903175087179e-01,9.347177458284922080e-01,1.016643207315882202e+00,-8.707663764407388429e-01,-1.251698048520142548e+00,2.160554759168465538e-02
8.292736865664672719e-01,1.548504483103839424e-01,2.893046358737612622e-01,1.141830927736233514e+00,-7.391365592307034271e-01,-2.199700866730299187e-01,1.634605511761201502e+00,-1.968111230976269665e-01,-1.267336965966571194e+00,-6.693560962502947964e-01
-9.381798512212422558e-01,3.571625857012706295e-01,-8.959470035887788786e-01,2.710342528612446067e-01,-7.360652185406497683e-01,-2.123378538398227988e+00,3.066197869819221045e-01,1.484636815468889093e-01,5.177578157088407185e-01,-6.729872191652566116e-01
-7.795444753593765430e-01,4.014668584815456187e-01,1.519019572530980966e+00,1.116800950632768248e-02,4.245850960471449498e-01,-3.215876844257072320e-01,-1.543630521873684769e+00,9.674294191540578902e-01,9.084142390861619232e-01,7.107740251751940574e-01
-1.819454383424186361e-01,5.970560997385406798e-01,8.937617973878306810e-01,1.620158684956707340e+00,9.885261046474419500e-01,6.382122503363889254e-02,-1.308253255424371542e+00,1.556582976717410804e-01,2.565773958493077211e-01,7.090297753183040230e-01
1.353891859323425484e+00,-9.515051205677928226e-02,2.100987189813111389e+00,-1.759287020040577243e+00,4.193418724616252424e-01,-7.985203921840281494e-01,-1.907221999688802905e+00,-2.017743762991585643e-01,-1.457172698420956536e+00,-1.614278980328168189e-01
3.476924809445675058e-02,1.118541409335949366e+00,-1.507585134763937518e+00,9.084451656457724900e-01,9.808045027979402086e-02,1.028849153609594502e+00,-4.317511750311277541e-01,-1.332244586763445371e+00,-1.217499326215866207e+00,-1.291807453667116024e+00
4.778141529206551552e-01,1.476922022214699481e+00,-5.649515266552204151e-01,6.291352982577834707e-01,-1.523442058135619837e+00,1.803212491772989978e-01,6.685626163371266584e-01,-1.448124775276868448e+00,-2.038834689798545430e-01,7.159171404855652066e-01
-2.933770647229477113e+00,1.335453061701742605e+00,3.536793758910481422e-01,7.167276477173427640e-01,-4.127192791947643657e-01,-1.722722481565355457e+00,5.340629563169516647e-01,-8.259032541651206705e-02,3.211545543232061095e-02,1.087606985198953602e+00
7.620638738625979958e-01,1.921237417089612709e+00,1.538542288734989771e-01,-6.912124377911171846e-01,-1.884168469087262598e-01,4.156633725386062461e-01,1.015856518992977353e+00,-1.467033951438718731e+00,8.537615179168945440e-03,1.609541657038369156e+00
-2.402088710025201967e-01,9.310118548691044271e-01,4.931175272160051026e-01,9.558606065249799499e-01,-8.097605415999323819e-01,-8.054016700655807215e-01,2.027189212228806478e-02,-1.532221787240311439e+00,-2.697406066116577184e-01,2.528766575156670693e-01
1.784635606949772413e+00,4.027181892698216692e-01,6.252284708731022933e-01,1.164475847050005841e+00,-9.646575888950565947e-01,-1.650826623709857333e-01,2.425412591803892681e+00,-7.912222238450870859e-02,1.116430748782207161e+00,9.637378771731072158e-01
-1.478113714387689237e+00,3.104792770059333074e-01,1.467474722052256597e-01,3.299587878404346974e-01,-7.541124797910599975e-01,-1.116919511912159102e+00,-4.760100000208513094e-01,-9.779499708420288928e-02,1.184984447600315960e+00,1.817310819725606930e+00
1.396597846223177841e+00,8.601852107818441784e-01,-1.004340262299589837e+00,-4.088961749894954867e-01,2.099260524129978045e-01,-6.324390380761749642e-01,5.772056525279508632e-01,7.204861082542877160e-01,5.362900625654685172e-01,1.025134604557581319e+00
-9.045912137130739383e-01,9.328287040921977580e-01,-6.956454501201962959e-01,-9.409359526428854315e-01,5.321161341863817063e-01,1.215873562198980684e+00,4.880134863760098307e-01,2.080402377254423132e-02,3.101538261015070463e-01,1.364269180672801063e-01
-1.125950896135394119e+00,-1.242620144944915239e+00,-7.882587947345479074e-02,7.985683576930377447e-02,1.133237836773408162e-02,6.761016136499132800e-01,-2.154767161643398876e-01,5.629791819048559631e-01,-1.445867673264478459e-01,1.823358962036466080e+00
8.071372672644666624e-02,2.340722611525677177e+00,3.520115910908643286e-01,-2.136771705882156702e-01,-8.994479762596744310e-01,-1.442888574057693551e+00,-9.914422843961567811e-01,-8.796063091639898524e-01,3.948200204121766754e-01,-5.261653710601874590e-01
1.869270525544976247e-01,1.281978362376686054e+00,-8.780835163485359307e-02,2.079156698466804176e+00,-1.175810980339197842e+00,-1.505835483749278225e-01,-5.393129236109787117e-01,9.365066060570078621e-01,-2.239791630366120945e+00,-1.443115289177811178e+00
-1.073468224509627894e-01,1.551377721009493227e+00,2.258418340373072875e-01,-1.351547454264233838e+00,-1.197166592690230180e+00,1.672989702844952742e+00,-6.211347987962407835e-01,-9.429633724497640257e-01,1.477372560630860532e+00,1.011097005586990782e+00
1.274059643266795883e+00,-9.500418802658165962e-01,-1.525105641014360636e+00,1.331664893627055868e-01,3.351261330736639565e-01,3.646018037048318061e-01,1.478183935639001856e+00,-1.733767090008248246e+00,8.596950512977657999e-01,-1.096625044147317762e+00
8.557353208608411421e-01,-4.749567045213774485e-01,-8.139717958905116069e-01,-6.099027069492022335e-01,-1.445610200776562548e+00,4.042893983346718817e-02,-7.726733906604571489e-01,7.862982309002782833e-01,6.400560810329173345e-01,1.688157052902790722e+00
3.663274835410771924e-01,5.206777670800737390e-01,1.400099811827813845e+00,-6.276626960266963318e-01,-1.488258212823032611e+00,2.000940591283935921e-01,-1.422633469214404034e+00,2.453938672925390030e+00,1.455498292078943212e+00,2.163976333301580457e+00
6.244697666312929579e-02,5.505735937015978632e-01,-4.594754319526440645e-01,8.829248055867520151e-01,-1.215543212051056976e+00,-2.543093189474778804e+00,-7.907106194885666905e-01,-1.455473475617315771e+00,1.477926736159535626e+00,1.815677455080316083e+00
-1.402929072413110934e+00,1.291715607521239484e+00,9.513849835007703870e-01,-1.569776684718876325e+00,-3.902675309316181451e-01,-5.801637221245197207e-01,7.479953986271999922e-01,-1.228779350905013779e+00,-9.887262565948246040e-02,-6.859345039496179686e-01
4.733411833851433603e-01,-2.167920316879292653e-01,-5.352457039403951677e-01,-2.132965756320779616e-01,2.036042832840112116e+00,-4.168996361193891831e-01,-1.041005218283787004e+00,5.834335691559652259e-01,-1.435246694229566078e-01,-1.415233930866472534e+00
2.231496335202466152e+00,-3.524789455866478849e-01,-3.778694539613511871e-01,1.598353519080974450e-01,1.730116769208839278e+00,-1.679745326518995663e+00,2.759858494205397195e-01,2.087272161793627401e+00,1.287286807396483268e-01,-1.235333979303479657e+00
-6.183968529606526099e-01,2.068825297567905008e-01,1.330803915639861890e+00,-3.393358444160606835e-01,8.266517974324316675e-01,-1.435368827046889173e+00,-1.443718369595054618e+00,-4.828006886849496304e-01,1.438028721873262139e+00,6.887463951376919524e-02
2.898111955666192729e-01,2.780795955735271829e-01,1.109207982586730701e+00,-6.102206925378539371e-01,6.882851084882323223e-01,-8.308826638551300992e-01,1.983272655920760297e+00,-8.003911042966898037e-01,-8.823893030786208458e-01,5.496698134880495523e-01
7.978843143232382251e-02,3.268524062609343139e-01,2.273137954923180604e-01,-1.090392198807438762e+00,1.613358929079484083e+00,8.935422058891093755e-01,1.358949951267115930e+00,-5.283308891104242511e-01,4.165235447151713899e-01,1.973684622346910944e-01
1.128002626201507708e+00,1.160248131829618945e+00,1.930508029581148310e-01,-1.517951131843251700e+00,1.779661887087689021e+00,5.559874336901389213e-01,-6.084370413911420750e-01,4.065421382666949413e-01,-1.511093548452523416e+00,1.055353067471044071e+00
-1.471211744279153022e+00,-2.208344920370825804e-01,2.444544496055497951e-01,1.038839711982093572e+00,1.065446764343740277e-01,6.349628736125502160e-01,-2.816690844955293052e-02,-3.218595094428266384e-02,8.547725034829732615e-02,-1.890579208523746058e-01
-1.686570243081435549e+00,-7.683234936966282236e-01,2.447748411116984213e-01,-2.491210034887189062e-01,-1.558090821819065885e-01,-3.233536694387154076e-01,-8.635983927318178210e-01,-4.930994609762938685e-01,-3.068317443885947293e-01,5.143140541849397854e-03
3.933783444697123155e-01,-1.805502908857390953e-01,-1.029655255692419447e+00,-1.398082039918783215e+00,2.597437207375224322e+00,-1.129815030264563092e+00,-5.186250012643829344e-01,5.170003025139351394e-01,3.608606095656808899e-01,5.208656925615725575e-01
-4.427170695321754335e-01,2.385580706395472594e-01,6.134366424086364761e-02,-3.121313675412872302e-01,2.454097417713398954e-01,1.055365546750706596e+00,-2.220022343532477085e-02,-1.554715364357459745e-02,1.068161034875984239e+00,9.613603598188131816e-01
1.583936440963483294e+00,-1.756230234479576824e+00,9.051191831693894407e-01,6.015800454021792421e-01,-8.856523977532653191e-01,2.515879179988448344e-01,1.051121747757998381e+00,-8.291589224854000184e-01,4.425624290228071245e-01,8.713536757310174075e-01
-1.071019562531488001e+00,-1.422856924451479932e-01,3.009683766424111617e-01,-7.961315055429547538e-01,-8.791531990935460561e-01,-1.350446018627741995e-01,8.016397169036919568e-01,6.437340011921097727e-01,-8.614127291863421521e-01,6.521678851156861301e-01
-8.359397761665084969e-01,-1.610169797993434404e+00,-3.671435710472313318e-01,1.122969371585735621e+00,6.559605521413734985e-01,-1.571807373194262321e-03,-4.167054835910575239e-01,-3.897621361164311793e-01,1.087849058607961578e-01,-1.068437485845828760e+00
-3.481073452012972136e-01,-2.155694613597688158e-01,-1.351074458451497540e+00,-8.384482508975749093e-01,4.105067914863814726e-01,9.511839940994224613e-03,-3.087617911933829840e-01,-9.114274375379638471e-01,1.576849825589216936e+00,-8.379792146793184626e-01
2.515928072617374389e-01,-4.878690880737953650e-01,3.627929263833515328e-02,4.576097419403722943e-01,-1.370256589207885956e+00,-6.616244153488003849e-03,1.190728648979845428e+00,1.761501893492003035e+00,-1.300139732551310323e-01,4.168120721690878050e-02
2.211333028601532913e+00,1.134924281599198226e+00,-6.172845692552189067e-01,-6.189834508861229434e-01,9.565494617872686289e-01,-1.011037130045730592e+00,1.087726751338853104e+00,3.342999637510083444e-01,5.177207640270724553e-01,-2.567338034800533131e-01
-6.298248042464098528e-01,1.461992830868320326e+00,-2.467372805534749358e-01,-4.109350765738617461e-01,-8.013706787980917623e-02,1.930221327179428847e-01,-1.030825126719448592e+00,-5.648714942069116285e-01,-6.180320739060578550e-01,8.452803046068483317e-01
-8.859625679998892611e-01,-1.755767857758053774e+00,-1.967094562906154032e+00,-1.470380134675717265e+00,1.361538202848111334e+00,1.620659948405165848e-02,5.012490868072027039e-01,5.364877271213291943e-01,5.618391839232032836e-02,-7.478129665130821280e-02
1.044526429818140700e+00,1.459959143126399461e-01,1.399097479263414323e+00,6.208299452898662363e-01,-6.177962734810279466e-01,-4.971340238699362146e-01,-7.274648064542794668e-01,1.217548021950715542e+00,-4.050509529455527669e-01,-7.984727967996324560e-01
3.197780411268200673e-01,-9.716710637250317029e-02,2.945685125751638656e-01,1.889813903893843294e+00,9.130708059288596967e-01,2.701055430190635667e-02,-1.408423384206008544e+00,-4.999624972086356145e-01,7.110461025453030937e-01,-1.171041039661816274e+00
2.140970296330353850e+00,1.441656263554864405e-02,4.884839320948487773e-02,-6.666451929579778612e-01,4.967377567757184642e-01,-1.158001806522231947e+00,2.164892589101457432e+00,1.317351304652011335e+00,9.842964451970457329e-01,-1.390429005789809436e+00
2.054132704577508461e-01,1.209086398014004526e+00,5.931053993577392047e-01,-1.002109104633774894e+00,-6.500937553086553189e-01,-4.519361380059905842e-01,-6.034378344886075496e-01,1.528778835710307371e+00,-1.921013138823256083e+00,6.559191396588365253e-01
-1.292303374928451154e+00,-9.612514874510678098e-01,-2.009733366868717397e+00,-5.490544311588658744e-01,1.510731651539213516e+00,2.648242424647779814e-01,-1.198361546999096916e+00,1.017147674379312416e+00,1.231304263568685720e+00,1.040464810390855921e-01
2.034749158152590276e+00,8.215641246246143670e-01,6.826525072925880844e-01,-8.033787071662901180e-01,6.273984856213408179e-01,2.167912776044932932e-01,5.198290026710267187e-01,-6.845856191413306480e-01,1.280988843589866699e-01,-8.168615002149580695e-01
-2.147132099966031937e+00,9.983045685783834555e-01,-1.502388981689517289e+00,1.071864647824160854e-01,3.330021294490397854e-01,3.265630158630548618e-01,-2.830790735982501860e-01,2.712114752799734130e-01,4.709670697851621179e-01,7.349648157519848013e-01
1.733441339384262925e+00,2.341941514982053552e-01,6.404884501770187477e-02,-9.067289653500940627e-01,4.359463238993370182e-01,6.673831031405685899e-01,-1.923031842816272097e-01,5.446125041840370606e-01,-2.925161935493417742e-01,6.709926520889238910e-01
9.126023140297435665e-01,8.986278667304854473e-01,1.178443261413006510e-01,-1.039968151617051362e+00,-6.119130526418207205e-01,5.951573238847284175e-01,2.448812305740227124e+00,-3.407207715320818564e-01,4.558376783881399885e-01,-5.560525574794034087e-01
-9.739670442491007440e-01,-6.763158635773625083e-01,-2.082471976702671590e+00,1.353435062907750730e+00,-2.230130252914613642e+00,-2.638282304006328016e-01,-1.178127895350054466e+00,-8.843802153622044582e-01,1.376522659738667942e+00,2.010669900313920011e-01
-9.653961591817005194e-01,-5.895171324965108317e-01,-7.654812204420856636e-01,-4.354567207888060398e-02,1.728916847876924845e-01,1.895574773228559939e+00,-1.916300765997706934e+00,-3.481231475795245472e-02,-3.155676925345221595e-01,9.465485277167823286e-01
3.548181181783934268e-01,5.903622081149455525e-01,3.450861860150825633e-01,-9.319911252835395565e-01,1.211265496493012961e+00,7.985049046156689201e-01,9.155297917247430250e-01,1.264050170507164728e+00,4.176751006519597853e-01,1.480992404117492889e+00
3.776395717866410928e-01,-2.190585880246086470e-01,-6.603910483364725144e-03,-2.384376813611646315e-02,-5.193913220905429506e-01,1.631888848370220746e+00,2.962953655036676404e-01,9.473847583290660734e-02,3.882742549264336374e-01,2.979854516737146852e+00
-1.131724188599659398e+00,-8.450385117162756421e-01,-1.380571017446996285e+00,-2.325992384354860776e-01,2.455184433273603362e-01,-4.653225183410773513e-01,-5.397267981517700486e-01,1.424048666281323150e-01,-5.021078248296975133e-01,3.101758271828381486e-01
1.114234346742604354e+00,6.770304698008063893e-01,8.810133471652022985e-01,1.085918411506719528e+00,2.828281601187028760e-01,-1.586410260431011243e-01,-7.722530708831956137e-01,-3.911781636357209990e-01,-5.236855326768944385e-01,7.316723266209116394e-01
3.467825545941961574e-01,6.967578627143014014e-01,-1.160336856100151470e+00,1.431749484241078951e+00,-4.269803715067623795e-01,-1.100016642074662654e+00,-4.392177648218127395e-01,2.483765992587508187e+00,-3.877168664915675578e-01,-3.250964714709254633e-01
-1.921046806296760889e-01,-1.486203834314553107e-01,-7.814760658012542827e-01,1.432130832061304093e-01,1.075594908198330257e+00,3.142893154787070875e-01,-1.111165298899985610e+00,-3.443459049337084243e-01,-5.515274001016297056e-01,5.293946823480110558e-02
1.330451671562316918e+00,-1.488827960208830015e-01,-8.815486887039078456e-02,1.777644818819429373e+00,8.762059916716602448e-01,5.740812821065350846e-01,1.958131615301775597e+00,4.898112547940131067e-01,-1.986527141977522337e+00,8.326657578803606796e-01
-1.592008457118650133e+00,4.520053685824477196e-01,-1.713743574129239944e+00,-4.668554103999194571e-01,-3.637845296098711767e-01,-7.701191072317532527e-01,-3.488519971912000250e-01,1.032561720360552382e+00,-7.139529121595533656e-01,5.451408795105409100e-01
-9.656496396073002142e-01,-1.894995763921291376e-01,3.238392663274503036e-01,-9.965284166185597314e-01,-1.311720432910689960e+00,4.918781505788881736e-01,1.123080399340638857e+00,-7.906501948737219843e-02,-4.573129065567042573e-01,1.556753876883868182e-01
5.547991876538048428e-02,2.429025407112514467e-01,-2.528245100313714300e+00,-1.069104291165963172e+00,-8.452301054368538402e-01,1.508676285115625182e-01,1.858778836222663433e-01,6.361804886840359829e-01,2.575817492104368056e-01,-1.300735070387335712e+00
1.447004617585060160e+00,1.271918303422366225e+00,-1.258197290026925819e+00,3.327052943741828916e-01,-5.954243852430157746e-01,1.388639892005482379e-01,1.053310279641870517e+00,2.130104266320958839e+00,7.512777051426101638e-01,2.949347351101359593e-01
-3.398211683082971724e-01,1.821348710111764524e-01,1.359771893328313608e+00,-4.470875675958534828e-02,-8.861126513476502708e-01,-1.619689865516626526e+00,5.130478674102507686e-01,2.472881256277393025e-01,-6.459081732622966587e-01,1.026014125707297664e+00
-4.217768643876304568e-01,-1.346440918247951979e-01,-1.666413329794351819e-02,-3.509527421380880807e-01,2.358650657495708625e-01,1.151515145933001083e+00,-1.142481898118422823e+00,4.885201384740087693e-01,1.721586696064410504e-01,1.537638295447062431e-01
8.718445698740907579e-01,4.929742521715869963e-02,4.802292619057029199e-01,7.158646295711471597e-01,-5.043652003806066153e-01,2.991834608137983187e-01,-2.507876072106319243e-01,-1.326817797198955040e-01,-3.220613964783319294e-01,4.710804040968863959e-01
8.164470901825371385e-02,3.945440343166743413e-01,-1.751736289574844577e-02,-1.604121012470324903e+00,3.136841609970847378e-02,6.353795515681699702e-02,2.425959371534602005e-01,-5.937291936857419516e-01,-1.195469716665511939e+00,6.246066448942779736e-01
-2.736065565341688766e-01,1.712440476849957649e-01,-2.814600798882956334e-01,-6.061825773594803519e-03,-4.492853479358082658e-01,-9.680835891538280835e-01,4.737316607686571368e-01,-6.031200882261200658e-01,1.639514808948106250e-01,4.104602219020778708e-01
-5.868127156030816804e-01,-1.203885634372984903e+00,2.426085613853052880e+00,-5.277718759454260722e-01,6.234171586011584276e-01,1.939463549570124012e+00,7.899077468538932001e-01,-3.004428088275515329e-01,-6.711638753511131594e-02,-8.326072197388483254e-01
8.816964269577421964e-01,5.662707080586882880e-01,-5.144258182617431618e-01,-1.042174807098444456e+00,-1.321233737663691565e+00,9.865140038042008452e-01,1.203731289555607653e-01,2.149845363327515801e-01,-8.229486258623572859e-01,-1.463503103304406139e+00
9.626135747116324470e-01,4.203903699723073734e-02,9.072346600576203235e-01,-3.859331265155641066e-01,-2.368178430368583776e-01,7.132981766206321073e-01,7.323480796505246193e-01,7.975656226859541009e-01,-2.952012531026961817e-01,6.145472376508678281e-01
1.109099465476718782e+00,-1.047720116815343133e-01,-5.134883637740536022e-01,1.342747603316765792e+00,-6.544457335513070850e-01,6.294764971144769516e-01,-5.842231051986135348e-02,-1.841565616484560408e+00,1.128594067478580154e+00,-2.757853629547367902e+00
-1.984128066757608888e+00,5.273300794806716763e-01,5.270711986781153602e-01,-6.375798578775356829e-01,1.478220903032449185e-01,-2.531430045778004789e+00,7.069754644705992241e-01,2.497254870535969840e-01,-4.564285333379540510e-02,2.084148213777202094e-02
4.932541761930318569e-01,-2.890152349786094532e-02,-1.874055502731220235e+00,2.196332234522522686e+00,1.200800819428451183e+00,-1.284944661954828149e+00,-3.451372304765904508e-01,-2.360341901560408517e-01,1.078849566508963465e+00,-2.159268935319767824e+00
-4.990082644297891834e-01,-1.760636443337503687e+00,-2.850955158283383639e-01,-4.725008930849043942e-01,7.969406738271223034e-02,-6.048743990091833833e-01,-7.510233913905242087e-01,6.196566917631478599e-01,4.546727409425804223e-01,5.513983427782421787e-01
-1.769000904908426541e-01,-5.717385822251893623e-01,-1.188524820207707833e-01,5.011620700684521479e-01,-2.176779700971848364e+00,3.941119303708580102e-01,3.091381873347979203e-01,6.215090608572698683e-02,-1.493134218716751505e-01,-2.566119385932413621e+00
-4.398532631004059001e-01,1.789438711077373290e+00,1.290129556830568042e-02,-3.072898386747180965e-01,1.690619559011258960e-02,3.547728686280085530e-01,6.588202446894643183e-01,-2.288801631579418239e-01,4.249196023936837041e-01,1.676650802761359582e+00
1.006250799432715226e+00,2.340300215856979449e+00,-6.567703583517163768e-01,1.676189507502015230e+00,-7.906736399225946510e-01,3.535661467404633274e-01,7.324765292380993609e-01,-5.107771919044724607e-01,8.796427747427569555e-02,9.104611024518410867e-01
-7.102708983119079278e-01,1.669383459547647108e+00,-1.384596624727348901e+00,1.939691442728384230e+00,1.001326134799592094e+00,-8.972557632777859726e-02,-4.026682112367314659e-01,-5.070282627910236428e-01,-1.357956402570148491e-01,-4.849586154882625649e-02
1.255226246634581599e+00,1.968654100384583883e+00,1.993799206540077251e-01,-8.456284879894042650e-01,-5.457260406361940097e-01,-1.830907846112844739e-01,-1.030122105296775503e+00,-1.178941402107378744e+00,2.097127212373027128e+00,3.026135259462540694e-01
-8.331331336803468046e-01,8.166035703577126936e-01,-1.178346124806845641e+00,-1.096012047871053552e+00,-8.030424010642450705e-01,1.654513280865033353e+00,-2.528800657783739081e-01,-2.441706986902486776e+00,1.210065933175593189e+00,-3.063813641623574502e-01
-1.849408005878405703e+00,-3.166834879634097821e-01,5.210038966049030940e-01,4.040491665329692950e-01,1.798414979164819183e+00,-8.527678625699305348e-01,4.672012026497229797e-02,-6.995692785784218826e-01,-1.542192894187222940e+00,8.855273723059547963e-01
4.632695691475201549e-01,2.836784496988526971e-01,4.267901932586445346e-01,-6.854728526884200646e-01,-1.005695087318193348e+00,3.764737216936027420e-02,1.161211402411614024e+00,1.608077135453547024e+00,7.954327068074329432e-01,2.917442676809594779e-02
2.697839293999360621e-01,1.159385932537143962e-02,-1.025943339699428192e+00,2.464737821054294870e-02,-1.334826817588493197e+00,-1.240772261030395895e-01,1.636105110596319134e+00,8.228592227833517736e-01,-9.231191842365297218e-01,-7.242906964228319755e-02
-8.343763117547379204e-01,-6.251376817721002177e-02,1.041107816524563079e+00,6.530079383099037793e-01,2.484144080745335881e+00,1.192477402507571504e+00,2.040003810776914728e-01,6.771499741332931421e-01,-2.024431741833357112e-01,-1.127504247086496214e+00
1.305776578287520584e+00,1.008991476931647924e+00,-2.410542145939642555e-01,2.739357369313382140e-01,1.240939187384806353e+00,8.463514262060201077e-01,-1.463101251249698809e+00,2.436200214898242566e-01,-1.676315254883640193e-01,1.113000699138680716e+00
1.031042738782661283e+00,1.318607828178044894e+00,-1.117894338720207603e+00,-7.841115340562387903e-01,1.114082436135438670e+00,-5.916458153424456468e-01,-1.521432980914307453e+00,5.325964876140653059e-01,-5.472184402659727720e-01,1.789790770308400614e+00
2.961845539884635503e-01,1.602592866416655271e-01,-3.692438916157570472e-01,1.590835333926971407e+00,3.585544598898209312e-01,-4.084995181562064426e-01,-7.940837066054469151e-01,-7.347305456421787673e-02,-9.776468371548056036e-01,1.028877441678944127e+00
-1.808342054024234091e+00,-1.395140283330708053e-01,6.101335450879343814e-01,3.421194201096571241e-01,-7.172829730156689010e-01,6.602587067065491810e-01,-8.860393883859075670e-01,-2.238465649681007155e-02,6.518415719803556385e-01,4.629127794931132134e-01
-6.750390114194679825e-01,1.197494516564363343e+00,8.669457148553405545e-02,7.429954109391514461e-01,1.529101006673247332e+00,1.117520548774606937e+00,1.120129406331043853e+00,1.926799298494722423e-01,7.939351209105096618e-01,2.135965745643160774e-01
-1.209324467778413403e+00,3.027437925050423528e-01,2.563609837384654977e-01,5.837293615218192011e-01,-1.279969752133951755e-01,-7.614555567638506828e-01,6.565060831752270731e-01,-1.313272287252247983e+00,1.458819135856469273e+00,-2.314180612049923924e-01
2.455281720561682257e-01,5.585581532815719896e-01,5.906880448441909071e-01,-1.408984299951734798e+00,8.240865805442636471e-01,3.031538283762733599e-01,-6.352613845586089214e-01,-7.496669509459138458e-01,-3.340530820568454740e-01,-1.298741686610491941e+00
1.722267390987025637e+00,1.486151325143344248e+00,4.517002009759392700e-01,-2.233984163420908720e-01,-1.971079879373953125e-01,7.580657061739680680e-01,1.757826899501950590e+00,-5.703967395967431964e-01,-1.117586042623324172e+00,1.547640773595271080e+00
-1.787138587584451432e+00,-1.008530808252646294e+00,-2.468578925108527999e-01,-1.560433467805031116e+00,1.112149062806598199e+00,8.569052705051000141e-01,-5.747932272153171152e-01,1.279614119177747700e+00,1.449292428403826216e+00,-1.131706482900635413e-01
-4.506681775680074775e-01,2.259602027742478203e+00,7.211618220841550242e-01,2.563246529688533171e-01,1.363545946639612483e+00,3.019306350030213637e-01,-5.056205859191884588e-01,8.015976048755348027e-02,1.038654287319735081e+00,-1.992185566349213621e+00
-2.880307394392210285e-01,1.383057398581605035e+00,-5.118684010935176110e-01,1.546108560431409762e+00,1.414743819359812749e+00,-6.552911548895132277e-02,-5.685393048890007295e-01,-2.873588741496345134e-01,2.664614492001434520e+00,1.874424446933243837e+00
1.253909718067383050e-01,-6.081535516204094050e-01,1.170410355812631503e-01,2.438269266167646943e-01,-1.243358737609354003e+00,8.004126921526018290e-02,1.322404324811730092e+00,-1.799356681216473408e+00,8.265839651372481889e-01,1.374797970054779661e+00
-5.605573450943681646e-01,1.694175758191056369e+00,-6.903370624483453621e-01,4.410826618604037352e-01,-3.067726846636303906e-01,-3.069963571626035392e-01,-6.172990697580454933e-01,6.985754808620198153e-01,8.488054577314491089e-01,-6.442219957718868517e-02
-1.359968213672274162e+00,4.031701666343897594e-01,4.220143594106938734e-01,-2.167150113864274030e-01,1.867231287180808552e+00,-1.563929264900653981e+00,-2.217283710253568074e+00,-7.308348996976709033e-01,7.104245340914494555e-01,-1.055844637433840827e+00
-9.809709185260753195e-01,9.510213361781546526e-01,4.625479227977496444e-01,3.770609096283998318e-01,7.814289194655281712e-01,-4.251929532728843109e-01,-3.789840740581912892e-01,8.097792725614250120e-01,-1.344886780781199498e+00,-2.142719846398546402e+00
-4.332841736278543743e-01,9.308732890656915560e-01,2.555596989868032520e-01,8.572915041230153577e-01,-2.016294310423165204e+00,3.154968083234917509e-01,6.538645046423778862e-01,-1.350797422610684695e+00,8.620575905465448496e-01,-1.115188965057928722e-01
3.071336701606001807e+00,-2.177236068896735599e+00,1.369114367674750810e+00,-3.941580965260737535e-01,-1.617151714440043575e+00,-5.269551435649919569e-01,2.774792413374659317e-01,1.037466669565043187e+00,1.721964288132175502e+00,1.421893088704342611e+00
-9.653820207044944146e-01,1.130164692266116822e+00,3.912849571208736887e-01,-6.546030209289879220e-01,-2.119105934774810351e-01,-7.098426594447239113e-01,3.709234193645583738e-02,-7.296578822941202080e-01,-1.027994073217439075e+00,4.791191277827720474e-01
6.287305482596371453e-01,-1.875970000916119262e-01,1.367651303935972340e+00,-2.604305864951131366e-01,-3.027745451255383080e-01,6.604889823456973064e-01,-1.324255849433367549e-01,8.479772902614343688e-02,-2.520438470619065008e+00,1.670738473797489174e-02
-1.827195937471260079e+00,-1.220950570998870610e+00,-1.335322538755504995e+00,-1.042583153533826135e+00,-5.488538596322529717e-01,-4.864926155454852852e-01,6.642752042571254956e-01,2.223878141346970205e-01,-1.901074428817985718e+00,8.329463754680775656e-02
3.182552465834272981e-01,-3.285665162529580741e-01,-6.088597690670254775e-02,1.903101253970566897e-01,7.645995976355801638e-01,-1.574879987462734610e+00,-2.443170386396489868e-01,1.508336098057728947e+00,1.416661308297956223e+00,8.509369277757800054e-01
5.368246839556759520e-01,1.654634748402088462e+00,1.917848001606665687e+00,-1.290799880468524174e-01,-9.694324432883201226e-01,-2.702923176244951819e-01,3.096695513772053321e+00,-1.569356342725194198e+00,-4.705391395294172829e-01,-1.412691152492631330e+00
1.247638628773853342e-01,-1.202691028894867564e+00,-1.087510228336178719e-01,-1.950095160018759044e+00,6.176206650846504109e-01,1.222345256467974872e+00,-3.839436220634590002e-01,-1.351300070757020799e-01,-1.634072307313122474e-01,1.809106752250252415e-01
-3.816958696642824833e-02,7.681169524306940000e-01,1.233039133450945624e+00,-8.140712224921828888e-01,-3.093284927742968038e-01,9.016194489247447708e-01,-1.421669048059032381e+00,-1.970721281845569939e+00,2.263159528984785840e-01,4.963464110704922105e-01
-7.223001879535922987e-01,-5.786510541204551439e-01,-7.601923217408987909e-01,-8.669252393444344396e-01,6.934958206046000218e-01,-1.180498486997638707e+00,-2.655228614333487447e-01,-9.053361675148524634e-01,-1.455288975901215531e+00,8.701781747467708383e-01
-5.198252221735388812e-01,1.884400804207568558e-01,-1.508075879801010100e+00,-7.419394537564758529e-01,7.560878806950055431e-01,2.587271455845309820e+00,-1.976216064390311722e+00,-2.011077952894263221e-01,4.122805981434999878e-01,-6.161001532392836877e-01
8.495219869941239565e-01,-8.667326706603131203e-01,1.538476602166413132e-01,-5.220719044983598289e-01,1.219431082954772538e+00,-6.763645030356055798e-01,-3.518737962865158830e-01,9.456890374971551605e-01,-1.028038659092863627e+00,6.875005676357226481e-02
-1.822534343686601721e+00,-1.087933458629074757e+00,3.821312758908035345e-01,-9.906975095362323680e-01,-5.445729318237916283e-01,4.930864020479376886e-01,-5.791861411469302334e-01,8.228420732163579387e-01,2.156627874860643224e-01,4.356831119245030415e-01
1.240965598738532183e+00,3.198230626140657340e-01,1.538847290469343987e+00,9.112622830378235284e-01,-5.234524298344567228e-01,1.293148075021271382e+00,2.638660209029452530e-01,-3.946797086605033922e-01,2.783856953208826424e-01,1.112326824390262869e+00
4.550450942422218370e-01,1.822392832551397612e+00,1.086530557898821803e+00,5.231600334021624388e-01,-1.026068082741157683e+00,-1.797325140101208585e-01,7.166413975085132726e-02,6.966315012177469734e-01,6.373330412721927019e-01,1.695404102182861694e-01
1.203499153771711294e-01,7.204568950760696922e-01,-8.585862256299858775e-01,1.695515819249856504e+00,-2.047166885163471228e+00,1.455409482172029145e+00,-4.518552842516206092e-02,1.002579814271594039e+00,3.638404342926127577e-01,3.460344109108018928e-01
5.542544760265210035e-01,8.090542890877785442e-01,-3.288308265872399994e-01,1.034799130526236288e+00,-1.084470623578783544e+00,-5.330573326124700070e-03,8.359699242722768986e-01,9.950175796158893249e-01,4.607888482614010406e-01,-3.933924379557355855e-01
8.967077783687035231e-01,-6.693662391187533700e-01,1.751409073748910972e+00,-8.467089749966419387e-02,-1.539625694205960516e+00,-1.194683468016551897e+00,4.364363687958752736e-02,1.398252713260531854e-01,1.969656684951095471e+00,-1.038499337614226414e+00
3.946219930393071729e-02,-1.059421407082056676e+00,-4.926548532134034097e-01,1.683972030069337933e+00,-1.136336223155990810e+00,5.870424240678338013e-01,3.929073590143916106e-01,-2.417142635820862875e-02,5.194366231917375565e-01,-1.160020381943288603e+00
1.656322507803557498e+00,1.924845495123520989e+00,4.710469775931335618e-02,2.423106130613553955e+00,-3.990279315499204449e-01,4.004319938562802550e-01,1.431889063774513415e+00,-4.590044602229095272e-01,-1.381549058879438352e+00,-1.611717065618853972e+00
2.060826563902658837e+00,-5.290246506387776826e-01,-1.857367634184986238e-01,-1.112764078321054395e+00,9.483392793291883782e-01,-7.815598592245849296e-01,-4.912630276613219049e-01,2.995204194161604772e-01,-1.064045927245572454e+00,-1.785822695142253724e-01
1.402209589503269793e+00,4.282543975168632278e-01,1.305422924283584363e-01,2.148647094638650445e-01,-3.891350959765637607e-01,1.996152319754925575e+00,-8.121571305340673508e-01,2.109261619639301033e-01,1.150255663428071395e-01,1.008762507133135200e+00
1.103173938793639675e+00,-3.201880448707080523e-02,2.906664931130495955e-01,3.285347539139482631e-01,-2.272141655570607099e+00,-1.588989602477775431e+00,-6.050636907219706373e-01,-5.615986763768688883e-01,-1.199282421964132261e+00,7.495825713736299356e-01
2.118421017472471492e-03,-2.146945473868372145e-01,-1.256155274507386732e+00,-4.454486424478854012e-02,-2.626684755998611731e+00,-1.629563108058410259e-01,6.318366880775604100e-02,2.419149843214985773e-01,-1.564101763479279983e+00,2.248167366914747556e-01
-1.041431269864542486e+00,-8.124698322923339378e-01,7.179313858226648026e-01,2.014113723359744146e+00,5.135875880268001709e-02,-8.170954586402322528e-01,1.886704475099985345e-01,9.390291574991455059e-01,6.209975658727353576e-01,2.743112872463745688e+00
-7.153375690946667254e-01,2.522314799192980628e-01,1.548917953418203153e+00,1.486159237018531920e+00,-1.950077926524380612e+00,-3.357620039981224457e-03,1.484520765848699630e+00,2.890642990399137524e+00,7.037958837508184740e-01,-3.678632936964836841e-01
-1.009203152437389894e+00,2.218743357530849281e+00,7.287415864657591502e-01,-8.480669268854175158e-01,-2.031563663337811743e-01,3.101865168287040175e-01,5.438066538881177747e-01,-8.996186575457899570e-01,-6.141904181254926876e-01,-1.652934562372959881e+00
1.039762289604781786e+00,-3.416184667703160982e-01,4.663216491832921085e-01,1.422258508576326852e+00,2.198701423739456151e-01,-1.129704759490680194e-01,1.939214768839341574e-01,6.319360385022683435e-02,1.246164997877944769e+00,3.108383975387897791e-01
-5.444010195789126261e-01,1.047849056889750274e+00,1.230484356358352072e+00,-1.338330626820463554e+00,1.532783884768105453e+00,3.647117732084854680e-01,2.832699501465984482e-01,1.006624631596514829e+00,-5.669763910042787680e-01,9.541645141909239625e-01
-3.767754697378553064e-01,-1.474950679710338219e+00,-9.977562791069342074e-01,5.670218329032266080e-01,-9.454683399946581801e-01,1.610076123189649211e+00,1.189283453439642813e+00,1.333439166032964973e+00,1.247785796774119188e-01,2.578616172949594887e-01
-1.193711854244277504e+00,9.957835101574903369e-01,3.798334550370853768e-01,5.673056252922602516e-01,1.688311811452881894e+00,-6.059629839475100255e-01,-1.261415498773181820e-01,3.266709215421677581e-01,-9.354354054587067369e-01,-1.875988212768397445e-01
4.929498104669693404e-01,-3.254212713728310558e-01,1.308989409729112152e+00,-1.510924561816993972e+00,1.122771240233341850e+00,6.611854748160046480e-01,-5.688285875565908256e-01,-9.244085682299980622e-01,-2.080282617242451781e+00,-7.951750124138340370e-01
1.047176655002996837e+00,-5.608572627867428051e-02,1.162980880391841554e+00,-6.198710706245520452e-01,7.071061601065627977e-01,-7.174986020844216217e-01,-9.655750062098389375e-01,-1.071272171706762616e-01,-6.649665113199965116e-01,-1.542822149037212487e+00
-1.823147007169933220e-01,1.064354164312888429e-01,1.268358611496067434e+00,9.368056771330600663e-01,1.219943199232831343e+00,7.203574983935083775e-01,3.326127589499747739e-01,-1.228944906471892473e+00,1.498721979352745370e-01,5.967937773308141791e-01
1.457437949370436137e+00,6.862885417318136394e-01,1.240383434605421664e+00,-1.031997891365239006e+00,-3.264176261480950525e-01,4.293507136612708108e-01,1.160952690742561355e+00,-1.452286458389196455e-01,-8.244595914915345269e-02,6.871403060029787069e-01
-1.125870827145124320e+00,1.607404549823429063e+00,-8.791360931076848129e-01,-1.918589423559303064e+00,1.006700852258059914e-02,1.698458702375565066e+00,5.864531303336101287e-01,7.510905430036329822e-01,4.138576230711426412e-02,-1.523774972711770259e-01
-1.544909369593115533e+00,-2.259386257904186124e+00,1.962723384408632810e-01,1.312549194340226100e+00,3.441337048280654343e-01,6.235995270520133804e-01,1.583717545639539814e+00,3.287668514410580500e-01,-1.226551003076195162e-01,-8.185248056500650238e-01
2.022212562972085959e+00,5.265477791536803398e-01,-9.436017159193308412e-01,-1.171167667801236822e+00,1.253063726928912658e+00,-1.037441696408325509e+00,1.853834157502221025e+00,-2.756462797090711181e+00,1.422595197789976673e+00,4.868948111619643693e-01
1.185944230568740376e-01,-1.754584350417628946e-01,1.890729848594029594e+00,7.070588584012034161e-01,-9.032036088954513708e-01,-1.718909956028881414e+00,1.772972131473083968e-01,-1.071133537414185356e-03,-1.519868037375509129e+00,-5.539352548233570511e-02
-5.739346330742002289e-01,9.290068306694576269e-03,7.259236116484019119e-01,1.492609947464035525e+00,9.088890363692873064e-01,-7.214407498302055632e-01,3.689151288291944164e-01,6.310712149202397925e-02,-1.332128954630900974e+00,3.982327846922724124e-01
1.856672337917713911e+00,3.242660418700400726e-02,-1.594182679725400620e+00,3.026867110861907254e-02,-1.213712198973250223e+00,8.636055068862877881e-01,5.248649917251287933e-01,-1.709100534747432787e-01,-3.311642658558212049e-01,-2.122343016155467110e-01
8.274494342320363321e-03,-7.722350213415422049e-01,-1.387753081001436906e+00,1.138698946694647995e+00,-3.854009764969582030e-01,1.670431041691441409e-01,2.852819511674942743e-01,3.220204796552139093e-01,-1.173817997098424160e+00,-1.675840164551847700e+00
-5.886925246919920696e-01,3.957115324169532822e-01,-7.279498674743130060e-01,-3.549213536992336104e-01,2.127297413749568378e+00,-1.845423884804535675e+00,-7.550339959104985788e-01,1.896604068573928270e+00,-4.459867199522341702e-02,-7.059851654989105496e-01
1.168768917011120179e+00,5.523043648111129050e-02,-3.483083950440060139e-01,1.923689270375111005e-01,-6.581088093827661689e-01,-1.017491062888078446e+00,-1.135969276347483653e-01,-1.010996960076007145e+00,1.069331179648030927e-02,3.544065674743389072e-01
8.530604560516108492e-01,1.127924985516827405e+00,-4.057365016322516671e-01,4.994146079390693327e-01,4.925234462063564078e-01,3.278187158159838743e-01,-4.794594109504584645e-01,-1.028067812464110720e+00,5.020018890665597366e-01,-1.706862562193049992e+00
-2.678394325683111643e-01,-2.553631015648598179e+00,-1.336402423358263425e+00,-8.771339384474244882e-01,1.096724207629284242e+00,6.881080244042688809e-01,-5.539346838422423147e-01,7.293697951297507531e-01,8.876229633803967012e-01,-1.606648483747215306e-01
-1.384378144213690209e+00,-2.079123100661142420e-01,-9.789240517213632087e-02,-1.232454390830225899e+00,3.670467929299678911e-01,2.798118543023553340e-01,4.450426998941867662e-01,2.789230971674434567e-01,7.298430351149830519e-01,-1.793280278730315369e-01
2.017851073709532872e-01,-3.977402842455319831e-01,-5.844992156219502855e-01,1.338249630762075704e+00,-2.043768701526496478e+00,8.767599891542641188e-01,-6.205408754456606113e-01,-7.500381776431209735e-01,2.615774840654070399e-01,-1.489609612351002754e+00
-8.160230719462030491e-01,-8.491396465129920079e-01,-2.213982581850948705e-01,-8.041376881606885352e-01,1.601118685639268957e+00,1.797016516497954131e+00,-2.021993522748063210e+00,5.443227047657362982e-01,8.586634390775746972e-01,5.429852023911051484e-01
-6.581134930916945347e-01,-2.440955621585414737e-01,-7.482746547776955026e-01,-4.202640311588285993e-01,-1.209965028667176146e+00,-1.147888216345503004e-01,-1.502801711305069787e+00,-2.001345542281376400e-01,-1.248581689099764525e+00,2.068163617914038355e-01
-6.794195609428906879e-01,2.905803478745374036e-01,1.081580728364782029e+00,1.589446936104708108e+00,-2.528004589020490300e+00,-8.341940938737827382e-01,-3.030860771120139630e-01,4.603278183814830671e-01,-1.650354504154529334e+00,-9.820924068002155893e-01
1.303572026571099551e-01,8.488824152666715750e-02,3.776184064200929780e-01,4.436757268881161842e-01,3.385944331158625142e-01,1.936553166314926855e-01,5.573977332636784188e-02,6.647630897243625991e-01,-2.239322666564225184e+00,1.544333486971234626e+00
-2.204482050880324007e+00,-1.079161816904492088e+00,-2.267607966501447303e-01,6.726128910898424573e-01,-2.995266890799616277e+00,-2.812432394183439835e-02,7.923950394157345256e-01,9.945181160284769506e-01,-6.973296584974587597e-01,-3.008352869550322550e-01
-6.161481288926278221e-01,-3.926746535260843829e-01,-1.031826550728434988e+00,-8.892521624709179839e-01,4.343769220283679733e-01,1.316153732727417813e-01,4.915865075904735093e-01,2.140143897008368046e-01,7.043386011475956110e-01,8.782139981549946794e-01
-1.741716619866104043e+00,-8.543096504143625758e-01,-2.313759574900388916e-01,-2.267752548734106380e-02,-6.700905738180334970e-01,9.120236709883057236e-01,1.979948368290598504e+00,1.861619555817340121e-01,8.434103219821124930e-02,8.494562551043310927e-01
-1.865839755203436034e+00,2.846894043841042415e-02,9.790358254675167737e-01,-6.431539972011117712e-01,-1.226560579901965431e+00,-1.858056100997783067e-01,-6.068543320192062995e-02,-9.086522819154584374e-01,2.096161276050950928e+00,-4.786963810079456483e-01
-1.153659351426568724e+00,-9.362131907061146951e-02,9.078606377044912135e-01,1.741424899823096686e-02,4.855939200440023140e-01,-8.715105943331572513e-01,1.487688446403513609e+00,5.617110279184432953e-01,1.047701568877609679e+00,3.651606324751693333e-01
8.248840377287842696e-01,-8.730525596772273911e-01,-4.914104166895624792e-01,1.346480595556029947e+00,1.559741947283963759e+00,-1.147065599719076845e+00,2.497360678638121667e-01,-4.309438004852274018e-01,-6.970314693648616000e-01,2.848396953554499511e-01
1.140962932365408022e+00,4.516624732841938439e-01,-3.195124499190349909e-01,5.148611799351600071e-01,-3.599761735809010599e-01,4.121143007306019013e-01,1.396465700455733261e+00,-2.077159659300827688e+00,7.972522985400334328e-01,-1.539054921570468526e+00
1.228327710544461437e+00,-6.370256098728607208e-01,-1.217671377606484029e+00,6.952692270887473880e-01,3.641700631424107382e-01,-9.991869029616581299e-01,-1.252999757168393735e+00,-1.874814874912822393e-01,-1.204086950171196602e+00,-1.061472972923627633e+00
1.156207904214335558e-01,-9.658716342550967004e-01,4.265392900265428944e-01,1.490143595883476779e+00,-1.485554149005823832e-01,1.301510619855845707e-01,2.018096732835486851e+00,-1.187601117377346860e+00,1.191235195180741835e+00,1.070857597912482140e+00
8.543173391737831635e-01,1.291747850732631209e+00,2.805749659586189160e-01,-5.829294955992674332e-01,1.094573291220567457e+00,1.132842211712894898e+00,1.105313901493287787e+00,4.450208231923648283e-02,-7.161945136133265333e-01,1.913622541116111464e-01
9.422300175678357537e-01,1.024351789859965445e+00,-4.296761270745949601e-01,3.153728961273900566e-01,-1.308778304485956001e+00,9.849501030058510631e-01,-7.833087567250635042e-01,7.852553595715473511e-01,-1.149304577390161786e+00,1.031415906434007823e+00
3.218351900227704454e-01,-7.813576956169462351e-01,6.913563810805253285e-01,-5.903616918053307128e-01,7.495550374451283027e-01,-2.741114753807214477e-01,-1.721047125629662888e+00,-9.824162404809370086e-01,-4.304147086872843753e-01,1.368189023748577871e+00
9.011436305292248594e-01,1.623861412322141984e+00,1.653635216029858190e+00,-5.347508045909149521e-01,-1.884868597588294226e-01,-4.112799243305383934e-01,-6.715106053010765352e-01,-1.841494709336458424e+00,-1.474771801684240935e-02,-1.285565593711110566e+00
-3.417188153432739600e-02,2.115770809562984578e+00,-5.093450963307085688e-01,1.947740056280672372e-01,9.066483858092830861e-01,2.802912919659069635e-01,2.924841879422958590e-01,-3.624024336880800057e-01,-2.318779750612326163e-01,-9.600105221878282302e-01
8.460450088894075904e-01,-1.741491656614095884e+00,9.710883383822022097e-01,-1.403698384745242445e+00,9.626072740766522529e-01,-3.538175262121810993e-01,-1.231868688133080258e+00,5.792986450796364650e-01,9.287675350757748083e-01,-4.380786481035368607e-01
7.206105486789331493e-01,-2.285084494669350264e+00,-1.320596289746600371e+00,1.292408930468728956e+00,-2.236692741979161569e-01,-1.862213326448847628e+00,-6.988661804419936674e-01,-9.234004725250807288e-01,-1.659617314729247284e-01,-3.707509838076473718e-01
1.789317289381608111e-01,-6.946605161257470018e-02,1.359739255037018646e+00,4.245485997196690731e-01,4.576716111935860698e-01,1.165157123894521751e+00,-3.887687504295817553e-01,-1.261877443358485174e+00,1.206970324632249181e+00,1.358417481081124756e-01
1.393512078989284364e-01,-6.333299215302363727e-01,-6.168553331035774301e-01,8.467223387708435745e-01,9.846557981376102830e-01,7.838234057466584304e-01,7.929616054454750040e-01,5.690295372597589107e-01,1.315227300781565689e-01,-1.753796843209805834e-01
1.210323849941553176e+00,-3.737208704904336209e-01,3.699792138807469488e-01,-8.040129979542465222e-01,-6.592990368504504373e-01,-2.361545678572264939e-01,-8.039383767271636172e-01,7.978518254783003583e-01,-1.348034251545029427e+00,9.922962338107292612e-02
1.325080968421812055e-01,-1.810799578319680858e+00,-4.410238205236087228e-01,2.556995380481427160e-01,4.287279932940681326e-01,-2.043072086001658516e-01,6.768882044807154053e-01,-1.093162572360408119e-01,1.365291207505672788e-02,2.516538689865536749e-01
9.269996287341687458e-01,-6.757180024155319265e-01,-4.868218725182975049e-01,-6.688964917292147261e-01,-3.321977161419333302e-01,1.426234258079764672e+00,5.727253193298221801e-01,-1.131089745168841976e+00,-6.004469655886746082e-01,3.727672242764021315e-01
-9.065077809327704017e-01,-7.253400408147568923e-01,1.344959666174148749e+00,-6.133756284731867181e-01,9.546668160293867444e-01,1.255323189530938466e+00,-7.334620911689643252e-01,-8.899625565571414043e-01,-2.761320864811651066e-01,-1.088627720673625010e+00
1.210338785027424008e-01,-2.056519118533864654e-01,3.605800158863015636e-01,1.396943456232821124e+00,8.174849807703191695e-01,4.892397754123562481e-01,-1.966048412967918102e+00,4.433759821023751657e-01,1.722627660704549202e+00,-3.010522516313516750e+00
6.893825429756252898e-01,-1.593585747564642829e-01,-8.497950030229446394e-01,8.011285839119535179e-01,1.709705900607330520e+00,7.752307288377536798e-01,-3.711919512615263761e-01,-9.434698244081562990e-01,1.446276337895437691e-01,8.731692923815881358e-01
-3.870530262337276151e-01,-2.903829916507966735e-01,2.822000249838398478e+00,1.078651945959725911e+00,1.150128678393632198e+00,-1.460285906058812033e+00,-7.071886792934604093e-01,7.468163945423902939e-02,-1.001137557885149576e+00,1.600397298889294273e+00
1.410312306590645326e+00,-5.335453373840537417e-01,1.783918606607484802e+00,-4.252096719942134034e-03,2.589389717389048773e+00,1.446861305250364549e-01,5.761927503284219876e-01,1.399903441169558338e+00,1.277633349807809182e+00,5.107320661358935032e-01
-1.411403194438358155e-01,5.141326999931191688e-01,-8.161841718761150277e-01,1.521337188641158633e-01,-1.109307532497994853e+00,-1.780881640080301365e+00,5.042676413944306019e-02,1.262277890671672287e+00,9.258046415960592412e-01,-8.191229572560826400e-02
1.746989698175496430e+00,-5.690613908465737003e-01,-1.917832661798023253e+00,-2.182101294200962105e+00,-1.181190940595717054e+00,8.166247432622287805e-01,-6.348026834673863306e-01,4.609586418573020650e-01,1.646283383583977189e+00,-1.100096962577806092e+00
4.784997317958898377e-01,5.389630726557221863e-01,-8.607379884731032327e-01,1.354210925245083130e+00,-2.877070555494765647e-01,-3.837529809130093006e-01,2.111613218417972782e+00,5.227667423667181623e-01,9.252905496854980649e-01,1.354892931521838761e+00
-6.504739994592169117e-01,1.249821097053679164e+00,-5.018941149976700045e-01,-5.446233893382973479e-01,-2.719999723081361620e-01,-6.220648349449547920e-01,8.221564326571628722e-01,2.672106551450557088e-01,-4.912244146171128589e-01,6.745050331548217981e-01
-2.751824373863460127e-01,-3.280703703646766223e-01,4.868388490154364201e-02,4.634603556662171830e-01,3.898476493774196139e-01,-3.632491822528304271e-01,8.471112074394022695e-01,-2.223941510796560717e-01,-6.549844886087190510e-01,-1.468021648767351417e+00
9.831784809990212759e-01,1.239007619400755295e-02,2.108723585105147791e-01,1.045802915699515445e+00,-4.774062315978160331e-01,-1.374399248474128532e+00,6.978070221521850969e-02,3.079615520802954087e-01,-2.628490661603727907e-01,1.473737578076169008e+00
-2.486166567721356468e+00,1.120056637899782936e+00,7.911536503642258022e-01,4.567707777004593184e-01,-3.335901549469096228e+00,1.283888783270268341e+00,-1.026434110635885189e+00,-5.076919783833867550e-01,-1.705926647900688209e-01,4.074180346519753471e-01
6.394280421925498947e-01,8.928405543192964311e-01,8.158535100785161420e-01,2.529272042131258669e-01,4.159226590575907934e-01,-1.090753715822246450e+00,-7.510268068190222301e-01,8.954602236748322452e-01,8.372094867286812292e-01,7.237994164444209177e-01
-5.144167616565274992e-01,9.104921319436958260e-01,-1.161244452480358014e+00,1.077359809862272977e+00,-2.608708012458901826e-01,1.684170406340632420e+00,-1.521442092065484974e+00,1.763404045918521845e+00,-3.614643291634618283e-01,-3.794792560117442037e-01
1.948388189855969066e-01,-6.970789128006967816e-01,-7.232900130230689173e-02,-7.376262652708545087e-01,-7.010635309791870551e-01,4.868859503005718570e-01,-9.015654953035160402e-01,-7.681942350054822288e-01,-1.372791249746408981e+00,-5.039306799613394450e-01
1.311602029723921925e+00,-8.459336401029684538e-01,-7.316332651872412551e-01,1.939219464815355176e-01,-3.707964337995264814e-01,2.228154433349649910e+00,-1.625279646762567143e-01,3.352183462173717321e-01,9.437687847993220247e-01,9.245778658628506230e-01
2.332875815573793310e-01,-1.611274866860012145e-01,2.024028536379256948e+00,-9.976027531426663597e-02,-4.416901044284806122e-01,-6.458489882940184890e-01,-1.726803202706755913e+00,8.216157522371632105e-01,-2.348068397100826488e+00,-5.722840904920713755e-03
-2.048606342713850392e-01,2.239965192231447855e+00,-1.831651228713626400e+00,-9.011032869843570436e-01,-1.360964586816493516e-01,-1.975293374691682868e-01,-5.495445908100448085e-01,-8.098790940216739342e-02,-1.259562728869741299e+00,3.571928789949390115e-01
-2.321485342077578284e+00,-2.576935587725706980e-02,-6.003566942635732984e-01,1.016287942756635587e+00,1.755311070633304604e+00,-3.310521687503577004e-01,1.390725929141430894e+00,-3.161162806304107509e-01,-9.661265231290900868e-01,1.745903632185619614e+00
5.207764447340067493e-01,4.438522609814357298e-03,6.871774750986484603e-01,2.742150351301673172e-01,-6.921940794151801302e-02,-1.326434827307996445e+00,-2.705367371612666938e-01,6.232554234584727348e-01,-1.227714256868105563e-01,9.023257611303858727e-01
3.836550238667889579e-01,-8.781363180854069306e-01,-1.319171957832123709e+00,-1.571784999301680530e-01,-5.242284481045875744e-01,3.363218096216861186e-01,-7.181376587627298358e-01,-6.153923257548771231e-01,1.053069717594912413e+00,1.482029686278978631e-01
-7.027270654272929074e-01,1.764180873501967201e-02,1.378911243001682552e+00,2.937866882747226516e-01,5.929508094251295658e-01,-7.522345365274425433e-01,1.026419377134600408e+00,2.318102260463801745e+00,-7.914676425128536197e-01,-1.181893974371989398e+00
1.755422438351482151e-01,8.755050498444103546e-01,-9.138967205026135576e-02,-1.053206396042662751e+00,-1.085841617803899872e-01,5.980922727774545811e-01,-4.070318269460593275e-01,6.072550177549216333e-01,1.164710785239910118e+00,2.402306257704476256e-01
-2.794777127829264907e-02,8.293439252262818639e-01,-8.561008274372304827e-01,-9.547098336929226159e-01,-2.665722849289853258e-01,-4.918794548144672096e-01,-8.033419752904753519e-01,1.830468474998774298e+00,2.171993209494291310e+00,-3.537050422555822471e-01
9.171894974836544701e-02,-1.878428200637909662e-01,1.107499240118156258e+00,1.305645561840047097e+00,-1.777263798689646679e+00,4.760108000656256277e-01,-1.306821341161148453e+00,1.758272157875278241e+00,4.402480302103980447e-01,-8.233495383626361352e-01
-2.413213879378531823e-01,-2.889772582661583877e-01,5.251129428858156700e-01,1.041912604177478219e+00,-1.148207291971709898e+00,1.838754500912113787e+00,1.605690107820843426e+00,-8.753235675910453484e-01,7.280179436230931056e-02,1.710808544114315932e+00
1.232918586677482997e+00,-3.367430300478956307e-01,8.143398145678732991e-01,2.997198291719138652e+00,1.051599818512121004e-01,-6.326482514400192381e-01,1.724198520913992061e-01,2.465520954973179635e-01,-5.245367390000981178e-01,4.416250678142169539e-01
-1.254401059727501266e+00,-6.655338670086792252e-01,7.582447761547976839e-01,-1.754870851542251309e+00,9.031675919947764752e-01,-2.011981365705703073e+00,-1.731324578876314968e+00,-4.989787430558854098e-01,2.868638428193504009e-01,1.325263603127388556e+00
5.762276315959555251e-02,-2.465536075759898749e-01,5.795812479848041487e-01,-8.708988204679343204e-01,1.394151593464063033e-01,-1.199446257955359973e+00,8.259051687541311970e-02,-1.298363258494033556e-01,-8.042679214494172779e-01,1.650406365377391493e-01
1.585496531596428116e-01,1.175454012339134824e+00,-1.605633403062787679e+00,-7.604890769704260312e-02,-7.602623997034793080e-01,8.697620581762918190e-01,7.539120651921329408e-01,5.078798450686210497e-01,-7.038332580694630636e-01,8.854705829400953965e-01
-1.530130928743331786e+00,-1.735310703592771508e+00,-1.275870999901923986e+00,-3.347481032690589192e-02,6.751644009882937780e-01,-2.976032474009524531e+00,1.322742831879786474e+00,1.311121961784341983e-01,-1.567772347589775128e+00,1.009469702895810228e-01
1.092525414678419571e+00,5.994410153062589286e-01,1.099073062553965974e+00,-1.366246629397110945e+00,-4.140052351384045926e-01,-9.246922305235321105e-01,1.717580205044318076e+00,6.393628434866299726e-01,2.847009588957640780e+00,-4.676095334172274409e-01
-7.246742116823047253e-01,-1.428266385951505457e-01,1.378357221422549017e+00,-3.661196893753473347e-01,1.244375979069442389e-01,9.669070288681956560e-02,3.949676120218945791e-02,-6.523984604624779582e-01,-1.372910679103665765e-01,-1.801026013513578605e-01
-7.564659674649147798e-03,9.435168181527082698e-01,1.760628034624492466e+00,-8.404347626697068474e-01,-3.919936247877150448e-01,-8.250118984061866056e-01,1.871015372222726847e-01,-5.383494575109768476e-01,2.397968337419887075e-01,1.103626910444786891e+00
-2.525831685804608373e+00,4.917798896006909115e-01,-4.601870488978789253e-01,4.604222679843889554e-01,-8.964694377502003819e-01,1.196260988306875106e+00,9.132806180402841534e-01,5.683521485426429320e-01,7.932257178100984296e-01,-7.456204671721735622e-01
-6.196237546892898740e-01,7.524362008174793059e-01,-7.677291427686120384e-01,1.445635046658086953e+00,-3.235910712810315948e-01,5.018943898606219589e-01,2.099249519255089957e+00,-7.062233540680765698e-01,6.876175084478278188e-02,1.054183164637307435e+00
9.512773888765313490e-01,-3.278153102393581153e-01,-5.167304375218539914e-01,-2.331359325450517439e-01,1.447857766151363856e+00,-2.791058563599465581e-01,7.811569248346499073e-02,-4.267864709234250875e-01,7.055485647959867102e-01,1.555250375836563503e-01
-1.003433810758229017e+00,-9.688241140349943548e-01,-1.998605566555506918e+00,-8.313214091256161398e-01,7.939458036321721535e-01,1.323760538012267896e+00,6.855583632171839970e-01,5.546322006406813054e-01,-1.265260495286495701e-01,7.749145549139869749e-01
2.862782230818842755e-01,1.804448971987124617e+00,-9.844531417674845519e-02,1.343008083736131120e+00,8.741140818178601002e-01,7.354432862041587748e-01,-2.011491325461820079e+00,9.291895615477108183e-01,-1.275079789091533300e-01,-4.439264944348917385e-01
-1.482913041177913227e+00,-5.587133968183113746e-03,3.355159681824260859e-02,-1.303001921814804565e+00,-1.473280172893691953e+00,4.866194801281111815e-01,8.717051310613770365e-01,1.902829099224217502e-01,1.150834649684362887e+00,-8.638498435149860599e-02
-5.435127440020236927e-02,-9.170280287407903685e-01,-1.560241977553717296e+00,1.854662133859584783e+00,1.131299050249746418e+00,-1.392512567138478374e+00,1.557519078312804561e-01,-1.000463111036666575e-01,-2.739924731630432042e-01,-4.090178478149394392e-01
3.812691469679788669e-01,8.181755254714744297e-01,4.023911690282054310e-01,-1.205183743791937157e-01,-1.572267168911199997e-01,9.368143169226665901e-01,4.634449381160622994e-01,7.268946303543317999e-02,-3.590129760010782323e-02,3.452705096122888340e-01
-4.683486885594494442e-01,8.215388173082104339e-01,-1.075858561837866656e+00,-4.114565097664818483e-01,6.111060954460240113e-01,-1.132882813354273210e+00,-1.573008542649500408e+00,6.307767542924010151e-02,-1.696458154446470745e+00,-1.298803554051861431e+00
7.565941185064321006e-01,-2.047852576057357654e-01,1.285486949708985360e+00,-1.204814340937454986e+00,-9.395236563228440141e-02,3.995845532077593187e-01,-1.170514930128908837e+00,1.031761904499624682e+00,5.106788831660388217e-01,-1.609287086687434032e+00
-3.774179620860050599e-02,3.859567362586327488e-01,-5.900566735280574626e-01,-1.479864905508813777e+00,2.784587894474102598e-01,2.211242950282561459e+00,-3.869840991576904421e-01,1.569241181284708686e+00,-7.522888217614682738e-01,2.155456350099517471e-01
7.715225308761193279e-01,-8.413665971365013457e-03,-2.977356488812311630e-01,7.261275213503737280e-01,1.891455115269220721e+00,3.005869246391312810e-01,-5.160601765303474142e-01,-1.897515572596830125e-01,2.519707645645374416e+00,1.349071163381278249e-01
-5.944136985779727711e-01,-1.145067916482539916e+00,-1.825901094112605705e+00,3.635842738461900203e-01,6.546419928245036379e-01,-3.966961799652068410e-01,-1.497041803095409442e-02,-1.170461709288623808e+00,1.329284648275010638e-01,4.814953205671245184e-01
-5.351642671676377638e-01,1.690452669585839507e+00,-8.371063267469116553e-01,2.834766040189823366e-01,8.483172197046054963e-01,-7.728950014938254509e-02,-1.884768188944914158e-01,-1.428866150449662253e+00,1.357341495716283486e+00,-1.698932016675958889e-01
5.373654249348248646e-01,6.727204878601408256e-01,-6.282984920177531185e-01,-1.975286042912149098e-01,1.334482350743503742e+00,-1.117197665740444990e+00,2.127918074757256583e+00,-7.448727852762739854e-01,-1.179517456640511774e+00,1.323090206885345899e-01
2.208348264339870859e+00,-1.910965935592205067e+00,-1.410157184896921601e-01,4.762650172565556783e-01,3.364995853553135602e-02,3.819216700030095279e-01,-7.180330821722741286e-01,-5.997218459313810035e-01,-1.484226471591997831e-01,-1.129888087902751082e+00
-4.468640144018954513e-02,-3.887452936715014018e-01,-4.700451851548685944e-01,3.205064125986378243e-01,-1.820659493199303869e+00,-2.290901033831536371e-01,2.317353765614861061e+00,-1.086109686325624990e+00,1.285500496484413446e+00,5.465612091269875239e-02
-6.029578088814181447e-01,-1.320641659529806500e+00,1.396819652852321070e-01,1.453397105814676404e+00,-3.892111451967638081e-01,-8.096142473677350737e-02,1.010370850190331904e+00,3.408707913462808436e-01,-1.572275779724578548e+00,9.888721585518364665e-02
1.512234910665598342e+00,-3.694118646749831869e-02,-2.741489429477376838e+00,3.882149915910729776e-01,-1.984564395440359674e-01,-1.829094413921216855e+00,-1.679208090053784241e+00,9.751071432888087642e-01,-7.323827455950799870e-01,-9.074963807359919254e-01
-3.563856093166873490e-02,-6.442029983199387688e-01,1.000486277777451610e-01,-2.027200294366703626e-01,-1.199995580093643044e+00,-5.111977985613846975e-01,4.427533213091044972e-01,4.191804023862553963e-02,-8.194248239183135607e-02,1.937384241179384459e+00
7.310375253855355693e-01,8.524412648213425259e-01,-1.659684077949248326e-01,2.201451903512749719e-01,-4.310999895256927839e-01,7.775497655241282446e-01,-1.103999040990434610e-01,2.223777489305565069e-01,1.606113021551681397e-01,-1.816688140545450608e-02
2.938188067155770078e+00,-6.666192774947224953e-01,-6.757115301586923417e-01,6.940967468117569261e-01,-5.951689990751791726e-01,-2.914063613488931948e-01,-1.086410953355618103e+00,4.915579194025869181e-01,5.042572444841515455e-01,-3.151920599234445119e-01
7.148166884800725152e-01,-1.858125013733591624e+00,-7.068534015143436156e-01,-1.699791862109306106e-01,-1.172282496902952831e+00,-1.748713037418722083e+00,-3.078959650384470725e-01,6.940200870607419192e-01,1.282108391426512117e+00,-5.472878832053729159e-01
7.332158376215935913e-01,6.365420380756675600e-01,1.218608174334496530e+00,-3.501910303540016201e-01,-1.798500495184674142e+00,7.018585242274462399e-02,-1.013793740969723078e+00,-7.235051090620076009e-01,-3.012191440531823972e-01,-3.389276313491428883e-01
1.415592668957944278e-01,7.031563164196175109e-01,-3.677355832759663934e-01,3.956975066080046788e-01,1.481600993050538259e-02,9.354943958784452951e-01,-1.885918511063166270e-01,-7.892667577455567129e-02,-3.744004479989067602e-01,-1.622485399584954469e-01
-7.834881283458742240e-01,-8.825972861435134043e-01,7.757653852827249841e-01,-1.083201683184601416e+00,-3.191180896979033954e-01,1.015342786270996278e+00,-3.527007950036071260e-01,8.287404536855749182e-01,-5.910457207268416946e-01,-1.051163606350193902e+00
-1.594825854900820739e+00,1.312724069272661387e+00,-1.136871181634415473e+00,7.471865901250932529e-01,-9.999470267933823209e-01,1.317383917939821236e+00,2.206782724615100388e+00,-1.686530059690336758e+00,-1.084756434158813843e+00,7.731318638032247392e-01
5.130429233658149180e-01,7.769218547601915992e-01,-5.737555504043760912e-01,1.987534161023367441e+00,1.180494666897743683e-01,-1.216962576843519717e+00,-2.531485000429449239e-01,-1.203566896228832617e+00,1.590941358554105234e+00,-6.603312628001164475e-01
4.924834847446222241e-01,-4.706731449821802138e-01,-6.153873097625132127e-01,-1.910254181281050734e+00,5.981746029905671280e-01,1.299181252629183936e+00,-9.159675813651516618e-01,-1.545229114998671216e+00,8.033160427378290835e-01,-1.646241349106251084e+00
1.219532935948258734e+00,-9.043951229546204340e-01,-1.103292742824626416e+00,2.484624211312915221e-01,-1.038139285011437485e+00,-7.071110812932093204e-01,3.539819326710065828e-01,-2.429112337166646096e+00,1.642419245928322225e+00,4.364013246573794635e-02
-1.292966012403528042e+00,-1.017245369286841505e+00,9.916463782608021527e-01,6.010529350741034005e-01,1.386780657285211271e+00,-6.827428448042348608e-01,2.965838371508028315e-01,4.265679117836775891e-01,6.952675002522368253e-01,1.127281123432069432e+00
-7.172639058443471827e-01,-1.141702677604807398e-01,-6.101497455801451197e-01,-5.261187335637565465e-02,6.984327820629752104e-01,-1.654035500260702340e+00,1.109371569459285389e+00,-1.139182124263749651e+00,-3.073703196972314422e-01,1.243941924966124546e+00
3.280097179834052801e-01,3.395299482636598420e-01,-1.180626045295110726e+00,-1.044085935823840794e+00,9.412563966689189154e-01,-5.891435454843897412e-01,-4.949118732998493142e-01,9.639512510547116886e-01,-1.049913545369527412e+00,2.692351328862579996e-01
4.290732616769143276e-02,-2.685725863242228052e-03,-5.184356318775038552e-01,-5.798551814633283730e-01,-1.078364163794865327e+00,4.826650260413065663e-01,-6.681491915167361295e-01,9.687446211672514629e-01,-2.245550415906528985e-01,-1.058450489421037810e+00
-2.378138821484206689e-01,-4.108571991364744491e-01,1.009103411728052624e+00,-3.690001892515322734e-01,-2.762103812003258163e-01,1.411546705492435549e+00,5.082673214633489644e-01,1.662706016003496545e+00,1.259045004063904960e+00,-8.871625883628545539e-01
9.899508544001077714e-01,1.525303292074591477e+00,1.532813132323419758e+00,9.880959835766873756e-01,9.675229949091757042e-01,-3.026610436755497457e-01,-8.373820843495747290e-01,-3.522173188974567770e-01,-1.664789001432762872e+00,1.342795315421705382e+00
-2.832929594177120425e-01,1.291330729064959826e+00,-1.231499577221599528e+00,1.082624921002210527e+00,-4.948806581793195880e-01,-1.284369408309174121e+00,1.627118052159757688e+00,1.107311669340774296e+00,2.117924201857842581e-01,3.393788513496312498e-02
4.395100188191182200e-01,1.946285779174110608e-01,-7.922759541714712306e-01,-4.120522697849219318e-01,1.960717832038702868e+00,2.672156742628013948e+00,1.562668505230683014e+00,4.782239401626233732e-01,-3.377490327019350147e-01,-7.981858938969660366e-01
-7.322824104302024795e-01,-5.532676586867606439e-01,2.151164041425769557e+00,1.806282296382598629e+00,7.462783899353938599e-01,-9.606131764128260642e-01,8.930559267110363963e-01,-2.386170285106051780e-01,-2.153009438644121420e+00,2.871006374012593509e-01
-8.419130408340552707e-01,-8.080534290900371897e-01,-2.504079935680075253e-01,-4.983229729424129006e-01,-3.425681910400801139e-02,-8.233055001720529509e-02,-1.875809092847631421e+00,1.520277988882833053e+00,-9.833767229486798378e-01,-9.523983851304730353e-01
-3.285532517902974847e-01,-1.083348473692941905e-01,1.458979816831838860e+00,2.694234520549010914e-01,5.664654841095343452e-01,2.745361875832816878e-01,2.314615824987729664e-01,3.097295030870086952e-01,-1.932734142568938607e+00,-2.499184848395286374e-01
1.162261110571157330e+00,3.942331010806685576e+00,-1.204308932539509991e+00,4.230799603243527995e-01,-5.710465778743416543e-01,2.047651903896849479e+00,-1.353782760791481410e+00,6.249394903158796977e-01,-1.407211099504189988e+00,-3.185666680608325585e-01
-3.431333074980899567e-02,1.069691681739607825e+00,-1.077166826158527879e+00,6.633830488473854148e-01,1.877772338794695892e-02,2.727933862859795999e-01,9.583327146851411404e-01,-1.282556693005287629e+00,8.105949731485923015e-01,-5.689048530894247335e-01
1.095873454976825867e+00,3.345576345378801220e-01,-2.095283815170554398e-01,-5.900259690908213894e-01,8.232949943553307115e-01,1.260951685480927509e+00,-5.328515408601846026e-01,-1.133006565781397024e+00,6.942110429452255094e-01,-1.448530942033700253e+00
-1.305512437582971641e+00,-1.062700275527899141e+00,-4.154504830387494851e-01,-1.336331889215444990e+00,-1.938799909381577757e+00,-1.135444194337123180e+00,6.424744465726186515e-01,-1.271544072126767233e+00,-3.402696779541700134e-01,1.946698462365562099e+00
-4.917413002709045827e-02,3.425309897295931716e-01,-9.460400182515531498e-01,2.163474853700142031e+00,-5.412944891384287027e-01,-2.281046844515166316e-01,1.317058677967364533e+00,-1.817342448536189148e-01,4.788878267521494425e-02,-2.816883207891296426e-01
-2.748323780572272668e-01,3.705020108280916991e-01,5.529431891981055891e-01,-6.432484312125671400e-01,-7.660804561469296559e-01,-6.091360888575632071e-01,-1.401254014199768250e+00,-1.590430258519297313e+00,2.971671472249075574e-01,9.385958031751119313e-01
8.710452931452173919e-01,-2.381991273136658371e+00,-2.450650870432607709e-01,-1.102091955592559014e+00,1.437374378208569059e-01,-4.178235188093811781e-01,5.919119062445883372e-01,-1.915309040134137442e-02,-1.896001894917889175e+00,-9.670858727995406134e-01
5.785114826653559028e-03,9.011042923108632252e-02,-1.405676807704001829e+00,-1.536459703546121824e+00,5.624533757317885796e-02,-1.403667306050527364e+00,-1.668629426500785717e+00,-4.451405126313416893e-01,-4.884460913386509118e-01,-8.784004773393011556e-01
-7.037369567249628366e-01,1.383572322239462471e-02,-7.201629036798192773e-01,7.069702166483936290e-02,-3.804685361173344438e-01,1.676501553866558136e-01,8.782055654366450748e-01,8.392478453905952707e-01,1.288210471066083329e+00,8.381468968971603761e-01
2.385575315418043130e-01,-4.334316376401445847e-01,-3.877609228162240962e-01,-8.777773064358103117e-01,4.529291051558021267e-03,6.973874787119347385e-01,-7.256676028830205682e-01,-3.721785866377394503e-02,-6.773622287217693216e-01,2.093543301876147344e-01
-5.493833839499502325e-01,-7.395105712940526210e-01,-6.799666949320253284e-01,5.033287738455666238e-01,-9.674940533035490675e-02,-4.284217300000358053e-01,2.614045025472106487e-01,-4.145162174676504385e-01,1.126517893685703209e+00,-9.738661536932565754e-01
-1.869715128172816931e-01,-1.404765221667000796e+00,-3.468743918900938361e-01,-1.679635497706629899e+00,7.463165225591262830e-01,7.665037670055788732e-01,7.841701737244762827e-01,2.887248017446782458e-02,-8.798704047100920356e-01,-8.003406320359496284e-01
1.530172055220521132e+00,1.435677103799796628e+00,1.225551569507715155e-01,-5.156340340803271527e-01,1.368623422698510561e+00,-6.945031613848099417e-01,2.288492080959074748e-01,1.351957305398458375e+00,-8.363384996646276992e-01,8.292235856371120706e-01
5.205607958438698279e-01,-3.951654223156102208e-02,-9.934335991331156857e-01,-7.244397601032758205e-01,2.894510728506586306e-01,-1.423336794881386647e+00,1.307438590182497806e-01,5.410509840616631871e-01,9.852201728091006805e-01,-1.398357074460222504e+00
1.316247297161273755e+00,1.695363494179935371e+00,4.101515677135939564e-01,-1.038048581424660499e+00,-3.281092883602410581e-01,-4.759724511850703388e-02,2.704635087305567454e-01,2.198155264360242972e-02,2.811651428946169151e-01,-9.074675733912281050e-02
2.651070945122431244e-01,-4.605234211613138395e-01,-3.381867169824684938e-01,-5.760251704766677916e-01,1.917259534504071716e+00,1.463900786174322732e+00,5.552941900136157960e-01,1.325308997267738542e+00,7.984613389778825177e-01,1.812711595140552023e-01
-1.505571341019683596e+00,-2.621639201251400597e-01,-3.350378920183518794e-01,-1.133075173092156884e+00,-1.486162274606616096e+00,4.927193465670250960e-01,3.245043223708129476e-01,-1.167396980067612056e+00,-7.458785064361893591e-01,1.161222273154163487e+00
-8.776965135165605281e-01,1.707989039338023984e-01,-1.897782995679810347e-01,5.063634710620628088e-01,-8.561076526564302958e-01,9.008347754010702368e-02,1.687225773458772282e-01,2.301808062292196588e-01,7.907385796261319488e-02,3.446093205941100912e-01
2.191770332050810843e+00,2.561297776771105816e+00,-6.392161407867218426e-01,-2.318242980352498872e+00,5.954953007219735417e-01,1.862524599012662929e-01,1.061041859183580405e+00,2.848858997153172479e-01,5.860393952571910786e-02,1.128906595877222863e+00
1.268780588413841892e+00,-1.386560058780998306e+00,-8.166061871395835503e-01,-1.055929592886782759e-01,9.843762392458367538e-02,-2.259832033522487238e-01,4.342071778618858957e-01,9.961047893171002254e-01,1.722709710720728093e+00,5.789130237728995487e-01
-8.523336784531098109e-01,-1.473762251978182614e-01,-7.535224125955694574e-02,5.146402399811590422e-01,3.881680334339422389e-01,2.050396651111509705e+00,-4.615131352549083910e-01,3.847505337668031822e-01,2.354711397744091883e+00,-5.852068969036012813e-01
1.451486961703551959e-01,-9.448805011240154483e-01,8.208689962743151436e-02,-7.802171481376415363e-01,1.046800903491346357e+00,1.473188590313953272e-01,-9.353972599822935052e-01,8.405676977916716197e-01,1.796660388715873302e-01,9.528187772234548714e-01
-1.147662627947748648e+00,3.688244122486614707e-01,7.733416946447086993e-01,-4.233774902357365089e-01,-1.259002726968151187e+00,-4.160749537039392515e-02,1.228115293780928541e+00,1.125930330634056453e+00,-4.284284347555767369e-01,-1.283085436376442567e+00
-4.311797203495725261e-01,-4.684776507319123873e-01,4.464467833047773837e-01,-1.050015029041215103e-01,-7.532642117371419754e-01,1.104263067260667919e+00,1.404258674448342070e-01,4.354156527309407942e-01,-1.724985434131267148e+00,-2.424264870697285801e+00
-1.437545781444408144e+00,-4.805434256067757093e-01,5.763560176138087243e-01,-2.342246870407298065e+00,1.592852064371987231e+00,1.705660267701261945e-01,1.360294992949910187e+00,-8.859700824741286729e-01,5.038599341724907532e-01,8.519592997078749563e-02
8.176863130545541924e-01,-2.337913675997170815e-01,4.732152090075886219e-01,1.102195318771200139e+00,-6.511762938917753374e-01,2.422442324896497412e-01,-1.887862237222348361e+00,7.025030190633577698e-01,1.954662543462489577e+00,-1.244436047748695318e+00
-9.138126042794318671e-02,8.804813009141135849e-01,3.141747346655046624e-02,1.650995514932257768e-01,-3.909994415236386356e-01,-4.281522530879146027e-01,-8.669415358537777005e-02,4.167142213935585981e-02,-1.181441261577309776e+00,-6.602198594602874671e-02
1.568533938709326447e+00,-4.191337935889046795e-01,-1.237254982874627762e+00,-1.514160679864266223e-01,-7.146128121242966147e-01,-1.338341825321939460e+00,1.391684617326208462e-01,-7.102820371510779607e-01,-6.247141668532749659e-01,1.534273803853890006e-01
-1.533174595362334580e+00,-1.741569650251124868e+00,6.708721945019315847e-01,-1.930833600724082944e+00,-9.766776953073547096e-01,-1.799839535388437550e+00,-4.861364668488323271e-01,4.280587476511655831e-01,1.123379487323766801e-01,2.391873389457284116e+00
1.086915617789000699e+00,-9.311578501566012411e-01,-1.197055004826410585e+00,2.706687940975501139e+00,1.062572005733362523e+00,5.893696072695718824e-01,7.485181221561788834e-02,2.735215674750171577e-01,-1.482073275482426178e+00,1.570391701967678577e-01
7.123139745901450881e-02,-9.041388431014800720e-01,-5.385264535684786136e-01,1.515176393443555813e+00,-1.251749202948624073e-01,2.071171302533110659e+00,-1.740679436487383436e+00,-5.221301862257478055e-01,-1.547278551246918932e+00,-1.209422453891834337e+00
-8.282057056592971866e-01,3.153096267705911560e-01,2.668261710803871423e-01,-6.792903196276054434e-01,-2.227799557336581859e+00,1.477692873032152798e+00,-2.857647160363561700e-01,-1.116290170301139195e+00,2.749307810700872823e-01,2.044451705231740690e-01
-3.226764649999652179e-01,1.485310156415047544e-01,-1.155029840408018371e+00,7.599128431764836655e-01,-9.968670947568702978e-01,-6.055696553034318752e-01,6.488018161515752835e-01,1.203958965010233806e+00,1.585774568046338651e+00,1.055798238466571837e+00
-3.240721838017818213e-01,-1.541033069100462782e+00,1.405055585602893453e+00,1.370695988904975904e+00,-6.719761533534956977e-01,9.211890378245601863e-01,-3.321777939307385963e-01,1.501276883511728721e+00,-5.148646624037820363e-01,1.978651287548503390e+00
7.861205475982456781e-01,1.797544844685986742e+00,-4.637972696498793290e-01,4.050296044441930032e-01,-9.692791983443652670e-01,8.439892521191966201e-01,8.990415328371245129e-01,2.397023918201186543e+00,4.820397972196491798e-01,7.240942025060932430e-01
-4.708303765037817334e-01,5.413793726352384983e-01,-3.798912086875836924e-01,1.158607588419998807e-01,1.745156615457951477e-01,-3.523048733491704332e-01,6.294509654199349769e-02,-3.752951697134205844e-01,-3.797311250338392119e-01,1.076664651502271530e+00
1.754136418264113650e-01,3.470662722002770817e-01,-1.457304768985535848e+00,4.234583318303898891e-01,5.304234639752378744e-01,-3.983386226887526971e-01,2.085029676260691467e+00,-2.289227264184065191e+00,7.843671357705462865e-01,7.128048049548620924e-01
5.415829319994118762e-01,1.762127056386230128e-01,5.506793226250374929e-01,8.681754795558938032e-01,-7.258875838319940321e-01,2.991956221800896043e-01,-1.833168420233039220e-01,-1.093768400225508586e+00,7.171699746132895736e-01,-5.643604246840333571e-01
-1.497858674779467103e+00,-5.391106607016489249e-01,-7.988988980931305273e-01,1.028479009190110371e+00,1.531931405580776451e-01,1.382382745689940018e+00,-6.665562312330458594e-01,8.741698718964994175e-01,2.839622914807912846e+00,3.560324671271402064e-01
8.616488623231527422e-01,6.935176642254061719e-01,-1.422075327425826652e+00,5.858172974674507039e-01,3.064563206495689029e-01,-2.597473833983092173e-01,-8.840363742048805706e-01,6.939832403270370653e-01,-9.724037396106213205e-01,2.133645604681897012e+00
1.141690834881283617e-01,-1.223307047786503565e+00,-5.139962783283388292e-01,-2.781343382898172623e-01,2.412376653923845815e+00,-8.845889468094964014e-01,-1.162172632513872178e-01,-5.378283698650224709e-01,4.992584855816643019e-01,-5.218834137050445410e-01
-1.139056666139710350e+00,-1.952945797961986862e-01,-2.993938433322431147e-01,-5.922443776240134961e-01,-5.388103588971174807e-01,1.184695797881003099e+00,-3.197402142675043191e-01,-1.134127662478432663e+00,-4.621159637998561998e-01,5.433565946539259395e-02
-1.336269636551354001e+00,1.625977960006398604e+00,8.675794775062721786e-01,1.430172743618779441e+00,3.921281254876826106e-01,-2.093697450130100446e+00,1.535333716638513479e+00,-8.635683597098926523e-01,-7.821867440020988660e-01,1.563251439554436129e-01
1.378229846670149472e+00,1.053287133952399701e+00,9.062811201760208046e-01,-3.118270528745533121e-01,-3.276075260921117449e-01,3.459436679800665937e-01,-1.300708412835326899e-01,8.893179073293531189e-01,8.301176644952266148e-01,5.913413211727055474e-01
-2.525961281769378619e+00,1.279883636772640443e-01,-1.088538807327011637e-01,1.680256017595314344e-01,-7.543246385464068560e-01,-1.324785910399225219e+00,4.631384799750401515e-01,-3.563013177320619174e-01,5.746929937075994088e-01,-6.709143776847711349e-01
1.415910640492676675e+00,1.001064842570763336e+00,2.968271085458803471e-01,-2.132884133859471731e-01,8.524088777981969622e-01,3.925478152374059504e-01,2.385841879306048463e-01,1.042865409559608603e+00,1.426536154406640167e+00,-1.252411184485544560e+00
-1.050384107349806362e+00,-7.802607254787979896e-01,-1.502424597643551740e+00,-6.274852556915117008e-02,6.001164552445061862e-01,-2.141829495233662367e-02,-5.341216416128956590e-01,1.126457757129158077e+00,1.405564032067496416e-01,3.429829673663183365e-01
1.154234804899759936e+00,-1.232419388511337421e-01,2.060214072624680703e+00,-4.478150038717660375e-01,1.997948204512899784e+00,-9.747351819124205896e-01,5.174849028804414663e-01,-6.425321688062370917e-01,1.119566116981092430e+00,-4.782326078584284712e-01
2.908711906440858974e-01,-6.505419960415695924e-01,9.372251736666142863e-01,-6.557512606391393550e-01,1.683414844742668448e+00,-9.959971069613903216e-01,-1.345627918328146766e+00,9.515520780790862609e-01,-5.916436402635216751e-01,-7.237313449535614888e-03
-3.222411538357208283e-01,-1.312608267152690189e+00,-7.699366413833799716e-02,1.264915894972302057e+00,1.003137003305565544e+00,2.317927626259247975e-01,1.112268293035107103e+00,-1.059518584694176591e+00,-3.254543289050063071e-01,3.958049407302081657e-01
-1.304148268171116953e-01,-2.468233304765572456e-01,-1.200643732321095225e+00,-2.081341388642711454e+00,8.178664249496361283e-01,2.432215732522258478e-01,9.019983782100929881e-01,-4.372359421583744132e-01,-7.127778848275939660e-01,6.547966636634446232e-03
8.541996486128163868e-01,-2.314522149876542534e-01,8.017851843284857782e-01,-1.006308005593086863e+00,-1.614471331698671963e-01,-7.011414407803107096e-02,1.226389943921919912e+00,2.076273980159082932e-01,1.746077518294194997e+00,-1.347684799947482581e+00
1.299189044112796787e-01,1.793980391804458063e-01,6.200931975868672064e-01,-8.133599364488911521e-01,1.684446339410835991e+00,1.296394147175919560e-02,-1.087067512934918101e+00,-1.602499041361854157e-02,-3.131615228801135631e-01,2.783235142247328930e+00
1.049943599525013482e+00,4.966135570821738482e-02,-1.119166851992046408e-01,9.510568624814650374e-01,9.988621603282145101e-01,-2.911549919320648883e+00,6.429931547333338493e-01,2.796654397862665883e-02,-1.311143821786976194e+00,8.802141396241769389e-01
2.246188013558265251e+00,5.567959468277807744e-01,1.100428442256864203e+00,1.804119091964403676e+00,-8.302621507200517170e-01,-1.857571445166917190e+00,6.568660633095018131e-01,-2.476115364414510356e-01,-1.374173452371542981e+00,-7.816993613579320543e-02
7.275473737906201777e-01,-1.489716647643599401e-01,-7.868276307350373644e-01,-2.235070602965102682e-01,-1.947646530134550247e-02,-1.929482262626082134e+00,-1.427749531706932473e-01,-1.344340472144891718e+00,6.590259520210961508e-01,-1.561042575586778058e+00
1.012692204550936115e+00,-4.091650692139414680e-01,-5.429757067720121233e-01,2.944545973019720431e-01,-8.660344452233920132e-01,2.787457541300640829e-01,-7.321087746883706560e-01,-5.567345123247693373e-01,4.053541693291353165e-01,-1.138580733734382733e+00
-1.264337301762356924e+00,2.482255074103418280e-01,-2.689985248938458681e-02,1.686927448093920034e-01,3.276392367214207013e-01,5.737555380698128316e-02,6.080926239670688682e-01,9.743628697865848454e-02,-2.007303899675302983e+00,-1.747884594661855528e+00
1.927949180242082727e+00,7.186705886302616956e-05,9.502416517170968469e-01,-3.457039056270759247e-01,-5.801509439393041229e-02,-4.533646542708436034e-01,2.465927331461364780e+00,2.532424223641424055e-01,-5.348579055061974952e-01,-1.651539713430190792e+00
1.973733442735852162e+00,-1.632783852283033466e-01,7.442291195615972077e-01,8.559972903065459215e-01,-4.628305234303705662e-01,6.724527753861559987e-01,-6.041382867516175148e-01,-9.904263620394158085e-01,1.164464692512212407e+00,-1.581893798221993552e-01
5.185128336026553209e-01,4.109209938817710572e-01,6.379319600552889602e-01,-1.556536934201624867e+00,-5.852905313163698775e-01,-3.244751574964249707e-01,-8.314786729014905786e-01,4.290068480163877762e-01,1.186893077595897461e+00,1.345184655346297831e+00
-3.392047652098836297e-01,2.919658624579071216e-01,4.456435044900992626e-01,6.212560942035293410e-01,-8.781350730726438236e-01,1.820580268264966106e+00,9.265201843464446751e-01,9.526493436924410307e-01,1.203460056900396813e+00,5.341359422659843759e-01
-1.027313423050972396e+00,-1.389727315551067266e-01,-1.651053395061915507e+00,4.150725096990842133e-01,-1.692136581655467320e-01,-4.052238352693170870e-02,1.204001130085651239e+00,-4.569940385564593144e-01,-2.521231587720763612e-01,2.197329596321628831e-02
-1.839992249413632486e+00,-2.660636557620031928e-01,-2.485794912286183322e+00,-5.855215618957392287e-01,8.551890533928273586e-01,4.472665582510690352e-01,-5.948203104540761288e-01,4.079821822381235474e-02,-1.074989567130405499e+00,-2.343403149520164458e-03
2.930320285492510113e+00,1.845801320371931453e+00,5.262213001726111922e-02,1.601441649153744207e-01,-9.795653146345509876e-01,-8.017891079510504060e-01,3.621843221046940897e-01,-5.248925656364850090e-01,9.041495948515819725e-01,1.569685680977757070e+00
3.326207847810388474e-01,1.017372058399266810e-01,-1.680779624910651693e+00,7.476102452720500002e-01,-1.143671301539058272e+00,-4.180091286334197687e-01,9.595758923851349653e-01,1.029758164309032109e+00,-4.665075273501171904e-01,-4.089155349199862788e-01
-6.993188732566718580e-01,-1.197853745325910824e+00,-6.347954821042418594e-01,-1.613130018914688657e+00,6.830625815082649321e-01,3.945236051618757345e-01,5.605292848705126785e-01,-9.544040505751427705e-01,-1.195070563515056250e+00,5.351427431356023390e-02
6.410256495022531587e-02,-1.472698275129453171e-01,-2.894832691878494457e-01,1.710775777694386601e+00,4.260250117929784142e-01,1.970678391466490931e+00,1.268965025431633142e+00,1.703270926017344866e+00,-1.074462766356002019e+00,5.931709909980298345e-01
-4.317654889933730256e-01,-1.663386711359532866e+00,1.496003169555525814e+00,-2.936925257056291483e-01,-1.055101630266684465e+00,-4.145638632486934316e-01,-7.962241227738192650e-01,-6.936979676166672437e-01,-2.216033901826494623e-01,1.730815193044742850e+00
-6.663172165446257234e-01,1.659270664219190561e+00,8.488367959795215523e-01,3.962715635860860619e-01,7.481200322518749557e-01,1.365566383745752538e-02,1.286050103863425997e+00,5.669802632671008258e-01,-1.664665985025512995e+00,2.962519318899650700e-01
7.839731429926151129e-01,-2.890012186012172468e-01,1.262558727139326542e-01,-6.128579946744069362e-01,-1.377625656063560466e+00,-1.550376870931239992e+00,-1.537067987068863495e+00,6.690447424705321389e-01,-2.490281708376328673e+00,-6.664799269634811285e-01
-7.656532852453777904e-01,-2.821595359874645159e-01,-1.856431549936202741e+00,4.038880947406186528e-01,-1.273161394159898929e+00,1.132405540709269021e+00,-6.217656875888323276e-01,-9.561302341192035037e-02,3.773856555206271061e-03,2.442410528605719888e-01
3.701437749614225337e-02,-4.271105487326318784e-01,3.430485306940431744e-01,4.661471304949542094e-01,-7.651346671096204144e-01,4.263678189735570223e-01,1.191720302401696019e+00,7.058941961045526181e-01,9.323752416471869919e-01,1.719208489074454393e-01
-9.361504460748791834e-01,-8.096444597036450697e-01,3.198879678544116478e-01,9.427637251523103279e-01,2.785911913994055578e+00,9.818219444386037109e-01,-1.170435757497501950e+00,-7.672725723599823633e-01,2.278517315955998601e+00,-2.143889319767783297e-01
4.751463476128848368e-02,-9.604169204092288803e-01,1.565103405574243878e+00,5.003332073206253616e-01,-7.746013478853116530e-01,-9.938252888572711718e-01,3.072039458978720883e-01,4.420617488045251731e-02,8.321102172211272130e-01,5.469684731271997613e-01
-2.644803487686225862e-01,-5.438015954613664160e-01,-1.599421482988339638e-01,-5.506808466567625349e-01,-1.301955328047617877e-01,1.644092861938169572e-02,-8.979308933800570491e-01,6.306798620978802949e-01,-3.704277144696703217e-01,-8.418843502853433636e-01
-3.516074282818680286e-01,2.422581566202862691e-01,8.303819981330345934e-02,4.221181149044621050e-01,8.983461250755290228e-01,1.304940204008033122e+00,2.854861626880532133e-01,-1.069402387235496743e+00,-2.691108025303007301e-01,-1.004318384383008134e+00
1.696854073712281696e+00,1.987400882527163404e+00,6.503111974963428077e-01,8.584588426390306060e-01,2.509431932366591456e-01,3.660559154607912480e-01,-1.597454218329122488e+00,-7.393236525691027072e-02,-8.811530623462597855e-01,2.813565375383701994e-01
-5.960984538853419945e-02,1.946821962346114265e+00,9.166276887228413939e-01,2.845119825216448906e-01,-2.669396871396259585e-01,1.676021458759929805e+00,-2.995464612652982625e-02,3.316739616352777920e-01,4.224960442683500100e-02,-4.041539057073226804e-01
3.650622238552014148e-02,-1.961966850678315888e+00,-1.547706401241187413e+00,3.496305416696275370e-01,1.568199690527486201e+00,3.482211041441688470e-01,-7.203688548966539207e-01,-1.442853754067335403e+00,7.845272604756385881e-01,-5.671951510151009845e-01
6.432354185525599455e-01,3.898651580657172544e-01,4.783003922546893438e-01,3.360170735355592214e-02,3.836443849696412611e-01,-1.194544012563350938e-01,-6.353065343682036126e-01,-9.634990605160514976e-01,-2.385008797970978645e+00,-1.811095624045095387e-01
1.519378182951953038e+00,7.300800925375974249e-01,2.277091184759582887e-01,-7.340049942891510026e-01,9.973392257590771859e-01,-1.193093118030248978e-01,1.574934313789058571e+00,-9.810872632946813221e-01,-7.499695279726563690e-01,-8.472699442196283126e-01
-1.482118370434013066e+00,-9.370446851917625386e-01,1.032162597659176118e-01,-7.122010248506275287e-01,-3.856375329240596894e+00,1.074273297420121676e+00,-1.684093729347405421e+00,5.892282848866370326e-01,3.121458966956477260e-02,2.117372816420342474e+00
9.969574815226197595e-01,-5.046045954849742721e-01,-7.020635623553119764e-01,1.502727680799285315e+00,-1.475871097101411733e+00,1.908799359187080547e-01,-1.311204632496719980e-01,-3.432260687046758685e-01,3.535139844484254112e-01,1.895598605086756816e-01
4.574007427917442525e-01,1.389756523632838803e-01,4.176814050172476533e-01,9.336519293159468991e-02,-6.594268872163144835e-01,4.001260236595398194e-03,-7.143865597040199855e-01,-7.803766047308503540e-01,-3.361500027177518057e-01,-1.194231607358424152e-01
3.522530634781081971e-02,9.163788273633305392e-01,-4.984640825408434006e-01,1.968519264748204989e-01,1.180277139438188766e-01,-6.086282874660651210e-01,7.374078620654490879e-02,1.002721415177313613e+00,1.865062168834001055e-01,2.265839290273080342e-01
-7.053283309426673364e-01,1.968858851204876137e+00,-6.483563703225010411e-01,-1.667783460547477725e+00,8.601841202180764423e-01,-1.148170396484259753e-01,-3.030418209470751023e-01,-5.455537804115271339e-01,1.871714624315838016e+00,3.545902786046826738e-01
5.497512216450848310e-01,1.626156235822673324e-01,2.700496134451962349e-01,1.398624610559414227e+00,-2.508546612276950083e-01,-1.456937545520729849e+00,8.680546542277768340e-01,4.967016122423920099e-01,1.079798128850426864e-01,4.707532415477864163e-01
-3.707442202941740872e-01,2.069258285425969179e-02,-1.317002538599099382e-01,-5.914882570709169007e-01,1.189172783105002518e+00,-1.412258627417800394e+00,2.360882171812966668e+00,8.773622092064753408e-01,-1.777975534702350924e+00,-2.241663294909294890e-01
-1.685459159035578303e-01,3.918866289421122362e-01,-9.893782707397201781e-01,3.202534336821735717e-02,-1.211193981226469374e-01,-7.376183625734388238e-01,-8.767522314712319353e-01,9.188046467023570640e-01,-1.696582540042593568e+00,4.778789360960513655e-01
7.975103068781240756e-01,-2.185583383384164247e-01,5.237283972499601203e-02,1.163494999697381349e+00,-7.048515107240569399e-01,-6.016524288891239580e-01,-4.954836810993082374e-01,1.165325599223281383e+00,1.292293746884707550e+00,-1.395890234463619040e+00
1.006240747311636818e+00,8.189083063472839541e-01,1.553594810449827612e+00,3.851080321263795070e-01,-4.426012027857668951e-02,1.145216686571658871e+00,6.989037915017654035e-01,2.244898414148726484e+00,9.587078449618279263e-01,1.535479764239154055e-01
-1.174104380376171264e+00,-5.809171771941183948e-01,-1.435954978028016082e+00,-2.150620360608632153e-01,9.260675932328453763e-01,-3.671088480515556033e-03,1.021725268760072636e+00,3.375737334390134237e-01,-4.030922897540096805e-01,8.762515516996390030e-02
4.720966910550961071e-01,1.392233984636158939e-01,1.506842288519139594e-01,-7.690501075867064440e-01,-4.329762652422159963e-01,2.258460796154644346e+00,1.228466490423542501e+00,-1.473840896809715861e+00,-2.366968957506361715e+00,7.619242144872226397e-02
8.934728944259902050e-01,-5.199418374222072314e-01,1.021658728197937904e+00,5.965456500708410381e-02,-1.630612797269748171e-01,7.561151761751815359e-01,-5.318757929022689401e-01,-2.867063218036531858e-01,6.701672621304629596e-01,-3.139593706602424733e-02
1.908776273377735810e+00,6.938254128560182865e-01,6.288138283327616707e-01,-4.950464606506815163e-02,8.747546767096061604e-01,-3.226077728016462087e-01,2.823777511995151368e-01,-9.162930470045602682e-01,1.039441392230591621e+00,2.906046972617918334e-01
1.982513063697876499e+00,2.392298383669758000e+00,7.633194514331476110e-01,6.842531120790343313e-02,-9.460645121255687462e-01,9.047498032588242589e-01,2.102845638952283158e-01,5.380348391544619302e-01,1.729787387456243275e+00,-8.244232886633467983e-01
-9.243041684813365633e-01,-2.364259383706801276e-01,8.212011497518233449e-01,5.548672402144880778e-01,-8.956885116957724602e-01,7.565529007024824892e-01,-1.201212818893262924e+00,-8.377416743488576012e-01,-1.154573171891894318e-01,-5.534312459752200875e-01
8.898594886509347823e-01,2.863784830010944749e-01,1.765561177627260392e+00,-2.471853653544143214e-01,-1.222021510407434036e-01,1.210382609061763093e+00,-9.092080312379559326e-02,1.494005247707545836e+00,5.408282103844915811e-01,-2.352786469885359111e+00
1.177570414149464062e+00,9.127268131198087442e-01,9.513326061105448206e-01,-1.910978378545258094e+00,-6.629899612710475898e-01,-5.887048335567698354e-01,-8.411213675603923523e-01,1.741922531893938197e+00,-1.176783782363394898e-02,-3.656094262917065213e-02
5.520083103157789051e-01,5.693016678893819682e-01,-3.334892710625829704e+00,-6.463575371493633925e-01,-1.412788577791276756e+00,4.003060931548196311e-01,-2.888924143340473871e-01,1.538756450126865967e-02,-2.078519748890522933e+00,-3.098522246904981126e-01
1.115130251832815222e+00,1.409449483102167555e+00,7.188634195406997662e-01,-1.335465293448118818e+00,1.259401802992123676e+00,7.240022550000158041e-01,-1.171890340645386080e-01,-2.025036314509744084e+00,9.535949506625169825e-01,-5.921663299833791472e-01
3.461658210547809422e-01,6.839386063666251514e-02,1.538394984438278268e+00,-1.253669859975085621e-01,-1.511359008594784399e-02,1.578615390478629976e+00,-6.582222437501885626e-01,8.143228514077770486e-01,-1.986157228784640183e-01,-1.002541962004929177e+00
1.160986720872612824e-03,6.917051136079875873e-01,1.353709839976511287e+00,1.474693985345682412e+00,-2.947640742255326352e-01,-9.872492320322135972e-01,-3.187388995774793066e-01,-1.181530753330155559e+00,-2.173861994165050826e-01,-3.416652836197583976e-01
7.274902041567653521e-01,-2.205935179914378264e+00,-7.336079460866397062e-01,-7.255183044419154514e-01,1.187127252408025413e+00,-1.113844377401016938e+00,2.266573596489938336e-01,-1.281284144197813168e-01,1.043042526836381878e+00,5.958318645105472600e-01
1.212437318203794939e-01,-5.546668745880682927e-01,-1.852342503109876137e+00,2.470856556874053422e-01,5.304897985298727692e-01,-1.574867612474653011e+00,-1.233694164328549281e+00,2.523299733716758975e-01,3.391416862078700523e-01,-9.906473100920593078e-01
-5.740647135680381208e-01,-1.836488838570426552e+00,1.377263903813233714e+00,-1.299874407368452278e+00,5.422593912485507150e-01,-3.496069615338034259e-02,1.289593619624759047e+00,-7.922540927747564465e-01,6.125271034038719947e-02,-1.698426909237350069e+00
-1.938526836939753695e+00,5.963335838654738597e-01,-1.785025839069702025e+00,-2.282175344345308277e-01,1.011295447972919703e+00,7.466848560946793834e-01,-6.645854879485937339e-01,-1.588503136408172534e+00,5.094948616555285970e-01,1.342256782860180797e+00
-6.622380786656234530e-01,-8.033128584071165257e-01,-5.249019628689984840e-01,5.716087108071156164e-01,1.228517606414912811e+00,-1.239606811380522311e+00,-1.498281809324653047e+00,2.339996321932447998e+00,-1.773227878900386356e-01,2.528927956903095353e-01
-6.919308406176389870e-01,4.899623094527160161e-01,9.600608747015224598e-01,2.997961715729297039e-01,1.740858077014434846e+00,-3.267445899410919008e-01,-2.628824730353762074e-01,2.314063512774156284e-01,4.649616455060970321e-01,2.279472620626092627e-01
-1.284415026955090910e+00,3.125151661955613558e-01,-3.741735848034373202e-01,-5.809770140746456368e-01,3.248205475324365821e-02,-9.615226873292143095e-01,-1.135391323873231384e+00,-2.615468960003849652e+00,1.747237328509891219e+00,5.557313191030023303e-01
-1.167641213063051325e-01,-6.672232368866480856e-01,-2.876032282046416810e+00,-7.285288762214843228e-01,7.158663371640762163e-01,9.421743035938687783e-01,6.422919936033015809e-01,1.583919557524684774e-01,1.303874145931378958e+00,-3.285372220885403594e-01
1.085188916134361303e+00,-3.845824437202129409e-01,-8.811413088777623193e-01,-1.005712980422521108e+00,-1.064496421172952845e+00,6.590680288024852729e-01,-7.427455710970785052e-01,-1.033028845034943854e+00,7.137352196613599986e-01,3.279703904722328089e-01
9.625919828458020522e-01,5.125995112727984582e-01,-7.531115801973117252e-01,7.610241646858743880e-02,1.251329907696772381e-01,-9.191586584740023547e-01,-1.104624974093992629e+00,-6.807216091177045181e-01,2.036582356672080429e+00,-4.127440942215488962e-01
1.232866791386714400e+00,-4.686605094797979265e-01,8.888388195399919978e-01,9.024916555578470501e-01,9.525905079520448071e-01,3.878273420089585755e-01,1.377366578781151318e+00,3.783539693527278591e-01,1.713529729340279584e+00,-1.619919803188433427e+00
